D_id,G_id,label
MESH:C536201,11285,1
MESH:C536817,126792,1
MESH:C535786,4796,1
MESH:D007873,1280,1
MESH:C562492,1855,1
MESH:C562492,7474,1
MESH:D003398,2260,1
MESH:D003398,2261,1
MESH:D003398,2263,1
MESH:D003398,7291,1
MESH:C537734,4613,1
MESH:D012415,1387,1
MESH:D012415,2033,1
MESH:C566815,7021,1
MESH:C562538,6628,1
MESH:D001321,6638,1
MESH:C565865,23203,1
MESH:D017827,4287,1
MESH:D052497,10555,1
MESH:D052497,26580,1
MESH:C566947,55777,1
MESH:D007037,7252,1
MESH:D009190,171023,1
MESH:D009190,23451,1
MESH:D009190,2624,1
MESH:D009190,2782,1
MESH:D009190,54790,1
MESH:D054198,2322,1
MESH:D054198,2782,1
MESH:D054198,4683,1
MESH:D054198,581,1
MESH:D054198,613,1
MESH:D054198,6886,1
MESH:D054198,6887,1
MESH:D054198,8021,1
MESH:D015325,5160,1
MESH:C562694,114327,1
MESH:C562694,1181,1
MESH:C562694,2554,1
MESH:C562694,2562,1
MESH:C562694,785,1
MESH:C562694,8912,1
MESH:D020190,114327,1
MESH:C566112,2200,1
MESH:D054971,6530,1
MESH:D015211,5189,1
MESH:C566422,5192,1
MESH:D006849,440193,1
MESH:D056784,1967,1
MESH:D014927,51422,1
MESH:C580047,1756,1
MESH:D002311,4000,1
MESH:D053840,6331,1
MESH:C566505,3784,1
MESH:C562419,668,1
MESH:C567358,200894,1
MESH:C537581,261734,1
MESH:C537580,4867,1
MESH:D052245,25861,1
MESH:D052245,7401,1
MESH:C536880,3508,1
MESH:D009134,59341,1
MESH:C535419,54332,1
MESH:D000690,54822,1
MESH:D004806,2064,1
MESH:D004806,3417,1
MESH:D004806,7157,1
MESH:C536370,3708,1
MESH:D020734,5071,1
MESH:C565276,65018,1
MESH:D058747,55636,1
MESH:D001289,1815,1
MESH:D001289,1816,1
MESH:D005413,3236,1
MESH:C536603,64802,1
MESH:C566579,2978,1
MESH:C565627,9652,1
MESH:D010673,4149,1
MESH:D010673,55654,1
MESH:D010673,5979,1
MESH:D010673,6390,1
MESH:D010673,6392,1
MESH:D010673,7428,1
MESH:D002607,4359,1
MESH:D002607,5376,1
MESH:C566138,23095,1
MESH:D001506,1028,1
MESH:D001506,3481,1
MESH:D001506,3784,1
MESH:C566624,5195,1
MESH:C565249,78987,1
MESH:D057180,4137,1
MESH:D057180,5663,1
MESH:C531617,1639,1
MESH:C531617,4744,1
MESH:C531617,5630,1
MESH:C531617,6647,1
MESH:C565360,10747,1
MESH:D002292,11236,1
MESH:D002292,201163,1
MESH:D002292,4968,1
MESH:D002292,55193,1
MESH:D002292,6927,1
MESH:D002292,6928,1
MESH:D002292,7428,1
MESH:D001943,11200,1
MESH:D001943,207,1
MESH:D001943,2099,1
MESH:D001943,3161,1
MESH:D001943,3845,1
MESH:D001943,472,1
MESH:D001943,4835,1
MESH:D001943,5002,1
MESH:D001943,5245,1
MESH:D001943,5290,1
MESH:D001943,5728,1
MESH:D001943,580,1
MESH:D001943,5888,1
MESH:D001943,5889,1
MESH:D001943,5892,1
MESH:D001943,672,1
MESH:D001943,675,1
MESH:D001943,6794,1
MESH:D001943,7157,1
MESH:D001943,7517,1
MESH:D001943,79728,1
MESH:D001943,83990,1
MESH:D001943,841,1
MESH:D001943,8438,1
MESH:D001943,8493,1
MESH:D001943,9821,1
MESH:D001943,999,1
MESH:C537067,2475,1
MESH:C537067,7248,1
MESH:C537067,7249,1
MESH:D002583,2261,1
MESH:D005359,2778,1
MESH:D003456,3640,1
MESH:C536554,10908,1
MESH:C535475,29914,1
MESH:C536409,4522,1
MESH:C536409,4524,1
MESH:C536409,4548,1
MESH:C536409,4552,1
MESH:D011471,11200,1
MESH:D011471,1316,1
MESH:D011471,367,1
MESH:D011471,4601,1
MESH:D011471,463,1
MESH:D011471,5728,1
MESH:D011471,675,1
MESH:D011471,8379,1
MESH:D011471,999,1
MESH:D016135,57216,1
MESH:D016135,6347,1
MESH:D016135,6862,1
MESH:D016135,80199,1
MESH:D016135,81839,1
MESH:D020246,2147,1
MESH:D020246,2153,1
MESH:D020246,2162,1
MESH:D020246,3026,1
MESH:D020246,4524,1
MESH:D020246,462,1
MESH:D020246,5624,1
MESH:D020246,5627,1
MESH:D012559,10137,1
MESH:D012559,1116,1
MESH:D012559,1312,1
MESH:D012559,1814,1
MESH:D012559,23780,1
MESH:D012559,267012,1
MESH:D012559,27185,1
MESH:D012559,3084,1
MESH:D012559,3356,1
MESH:D012559,4524,1
MESH:D012559,5625,1
MESH:D012559,6505,1
MESH:D012559,65078,1
MESH:D012559,6854,1
MESH:D012559,80832,1
MESH:D012559,85358,1
MESH:D012559,9378,1
MESH:D046152,3815,1
MESH:D046152,6390,1
MESH:D046152,6391,1
MESH:C565512,4524,1
MESH:D006712,875,1
MESH:D013274,1316,1
MESH:D013274,2064,1
MESH:D013274,2263,1
MESH:D013274,324,1
MESH:D013274,3553,1
MESH:D013274,3557,1
MESH:D013274,3659,1
MESH:D013274,3845,1
MESH:D013274,4595,1
MESH:D013274,5290,1
MESH:D013274,843,1
MESH:C563984,2702,1
MESH:D015417,1959,1
MESH:D015417,4359,1
MESH:D015417,5376,1
MESH:D015417,57716,1
MESH:C537985,1959,1
MESH:C537991,11284,1
MESH:C537991,81857,1
MESH:C536735,6608,1
MESH:C537563,427,1
MESH:C536647,4593,1
MESH:C537262,1080,1
MESH:C537262,11330,1
MESH:C537262,5644,1
MESH:C537262,5645,1
MESH:C537262,6690,1
MESH:D052496,4000,1
MESH:D052496,5468,1
MESH:C537653,1188,1
MESH:C565785,9681,1
MESH:C564578,1188,1
MESH:C537923,2316,1
MESH:C537923,8573,1
MESH:C537923,9968,1
MESH:C537177,23400,1
MESH:C567858,9179,1
MESH:D006223,5728,1
MESH:C565375,6389,1
MESH:D001172,26191,1
MESH:D001172,3586,1
MESH:D001172,4261,1
MESH:D001172,4795,1
MESH:D001172,51744,1
MESH:D001172,6583,1
MESH:C536939,51702,1
MESH:D016649,2332,1
MESH:C567261,1272,1
MESH:D018232,2308,1
MESH:D018232,5077,1
MESH:D018232,5081,1
MESH:D009765,155,1
MESH:D009765,181,1
MESH:D009765,5167,1
MESH:D009765,51738,1
MESH:D009765,5443,1
MESH:D009765,5468,1
MESH:D009765,7352,1
MESH:D009765,8431,1
MESH:D009765,9607,1
MESH:D009765,9672,1
MESH:D015179,10395,1
MESH:D015179,11200,1
MESH:D015179,1499,1
MESH:D015179,1630,1
MESH:D015179,201163,1
MESH:D015179,2033,1
MESH:D015179,207,1
MESH:D015179,2261,1
MESH:D015179,25788,1
MESH:D015179,27030,1
MESH:D015179,324,1
MESH:D015179,4163,1
MESH:D015179,4893,1
MESH:D015179,5157,1
MESH:D015179,5290,1
MESH:D015179,5320,1
MESH:D015179,5782,1
MESH:D015179,5795,1
MESH:D015179,581,1
MESH:D015179,595,1
MESH:D015179,6714,1
MESH:D015179,673,1
MESH:D015179,6790,1
MESH:D015179,699,1
MESH:D015179,701,1
MESH:D015179,7097,1
MESH:D015179,7157,1
MESH:D015179,8313,1
MESH:C565564,5322,1
MESH:C565309,114902,1
MESH:D010282,79577,1
MESH:C563939,1889,1
MESH:C562793,142680,1
MESH:C562646,249,1
MESH:C535858,3930,1
MESH:C564146,249,1
MESH:C557819,83479,1
MESH:C538189,7476,1
MESH:C538154,2697,1
MESH:C536254,11212,1
MESH:C536254,501,1
MESH:C567107,249,1
MESH:D020967,6329,1
MESH:D010009,2316,1
MESH:D010009,3339,1
MESH:D010009,6399,1
MESH:C537998,3339,1
MESH:C567186,54361,1
MESH:D050033,7849,1
MESH:C536458,2811,1
MESH:C567254,6135,1
MESH:D005693,2582,1
MESH:D005693,2584,1
MESH:D005693,2592,1
MESH:C538324,3155,1
MESH:D002819,7080,1
MESH:D005645,2517,1
MESH:C536529,57822,1
MESH:C536528,3664,1
MESH:D016511,5896,1
MESH:D016511,5897,1
MESH:D016511,64421,1
MESH:C564833,6005,1
MESH:D006938,10842,1
MESH:D006938,2053,1
MESH:D006938,2690,1
MESH:D006938,336,1
MESH:D006938,338,1
MESH:D006938,3949,1
MESH:D058494,10585,1
MESH:D058494,2218,1
MESH:D058494,29954,1
MESH:D058494,79147,1
MESH:D058494,9215,1
MESH:D020914,1785,1
MESH:D020914,4534,1
MESH:D020914,64419,1
MESH:D020914,6786,1
MESH:D020914,7170,1
MESH:C537398,341208,1
MESH:C566706,6010,1
MESH:D001254,2064,1
MESH:D001254,3417,1
MESH:D001254,7157,1
MESH:D008527,1499,1
MESH:D008527,23432,1
MESH:D008527,51684,1
MESH:D008527,675,1
MESH:D008527,8518,1
MESH:D008527,8643,1
MESH:C536436,57492,1
MESH:C537724,9968,1
MESH:D018197,1499,1
MESH:D018197,324,1
MESH:D018197,3482,1
MESH:D018197,4233,1
MESH:D018197,5157,1
MESH:D018197,5290,1
MESH:D018197,7157,1
MESH:D018197,8312,1
MESH:D018197,841,1
MESH:D010520,1075,1
MESH:C536736,4487,1
MESH:C567520,2035,1
MESH:C567314,10382,1
MESH:C564257,8565,1
MESH:C538006,3208,1
MESH:C538361,204,1
MESH:C567214,2707,1
MESH:C567134,10804,1
MESH:C567134,2706,1
MESH:C567134,2707,1
MESH:C566136,5376,1
MESH:C537845,4512,1
MESH:C536648,2299,1
MESH:C536648,3766,1
MESH:C536648,5172,1
MESH:C562745,58495,1
MESH:D058497,80144,1
MESH:C537592,10456,1
MESH:D015470,1050,1
MESH:D015470,1788,1
MESH:D015470,2120,1
MESH:D015470,2322,1
MESH:D015470,2624,1
MESH:D015470,26511,1
MESH:D015470,3717,1
MESH:D015470,3815,1
MESH:D015470,3845,1
MESH:D015470,4026,1
MESH:D015470,4869,1
MESH:D015470,6455,1
MESH:D015470,7015,1
MESH:D015470,8021,1
MESH:D015470,8028,1
MESH:D015470,8301,1
MESH:D015470,861,1
MESH:C567165,284654,1
MESH:C564487,4952,1
MESH:C535687,157570,1
MESH:C566468,51021,1
MESH:C536665,268,1
MESH:C536665,269,1
MESH:D009472,1200,1
MESH:D009472,1201,1
MESH:D009472,5538,1
MESH:D009472,80331,1
MESH:C536920,10269,1
MESH:C535706,10269,1
MESH:C535502,1298,1
MESH:C566612,1302,1
MESH:C535776,1302,1
MESH:C565423,149461,1
MESH:C537153,10686,1
MESH:D007669,10861,1
MESH:D010013,1277,1
MESH:C563401,6513,1
MESH:C536830,6513,1
MESH:D008881,1909,1
MESH:D008881,2099,1
MESH:D008881,7124,1
MESH:C563840,6513,1
MESH:C535982,4352,1
MESH:C536300,170302,1
MESH:C566702,2255,1
MESH:C567019,6487,1
MESH:D020158,2731,1
MESH:D020158,275,1
MESH:D001478,5727,1
MESH:D017119,7389,1
MESH:D017121,7389,1
MESH:D011125,324,1
MESH:D003110,10395,1
MESH:D003110,11200,1
MESH:D003110,1499,1
MESH:D003110,1630,1
MESH:D003110,201163,1
MESH:D003110,2033,1
MESH:D003110,207,1
MESH:D003110,2261,1
MESH:D003110,25788,1
MESH:D003110,27030,1
MESH:D003110,324,1
MESH:D003110,4163,1
MESH:D003110,4893,1
MESH:D003110,5157,1
MESH:D003110,5290,1
MESH:D003110,5320,1
MESH:D003110,5782,1
MESH:D003110,5795,1
MESH:D003110,581,1
MESH:D003110,595,1
MESH:D003110,6714,1
MESH:D003110,673,1
MESH:D003110,6790,1
MESH:D003110,699,1
MESH:D003110,701,1
MESH:D003110,7097,1
MESH:D003110,7157,1
MESH:D003110,8313,1
MESH:D018296,1499,1
MESH:D012175,5925,1
MESH:D002051,4609,1
MESH:C563924,4595,1
MESH:D016889,27030,1
MESH:D016889,2956,1
MESH:D016889,4437,1
MESH:D016889,999,1
MESH:D052556,4864,1
MESH:C537359,25974,1
MESH:C537359,5052,1
MESH:C535899,8291,1
MESH:C537384,3908,1
MESH:D008228,25788,1
MESH:D008228,5551,1
MESH:D008228,843,1
MESH:D008228,8438,1
MESH:D008228,8915,1
MESH:C537786,2301,1
MESH:C567835,2301,1
MESH:C537784,4629,1
MESH:D009101,3981,1
MESH:D009101,595,1
MESH:C538012,4998,1
MESH:D007966,410,1
MESH:C563462,1376,1
MESH:C563461,1376,1
MESH:C563463,1376,1
MESH:D004831,57465,1
MESH:D004831,6323,1
MESH:C566555,1718,1
MESH:C566530,7809,1
MESH:C567544,7809,1
MESH:C567307,729,1
MESH:C535480,4070,1
MESH:C565732,27329,1
MESH:C535741,29929,1
MESH:D011087,3717,1
MESH:C535351,478,1
MESH:C538104,25793,1
MESH:D007006,10011,1
MESH:D007006,1848,1
MESH:D007006,2796,1
MESH:D007006,2798,1
MESH:D007006,285025,1
MESH:D007006,389549,1
MESH:D007006,55717,1
MESH:D007006,558,1
MESH:D007006,81848,1
MESH:D007006,8822,1
MESH:D007006,9723,1
MESH:C536637,23169,1
MESH:C536601,6121,1
MESH:C566718,6121,1
MESH:D009755,60506,1
MESH:C535668,9095,1
MESH:C536038,34,1
MESH:D024741,4624,1
MESH:D024741,4625,1
MESH:D024741,85366,1
MESH:D024741,859,1
MESH:C563808,5318,1
MESH:C562903,6795,1
MESH:C536827,11146,1
MESH:C567748,2672,1
MESH:C564320,2672,1
MESH:D000741,3458,1
MESH:D000741,4683,1
MESH:D000741,51119,1
MESH:D000741,5551,1
MESH:D000741,7015,1
MESH:D008268,25794,1
MESH:C565778,23746,1
MESH:C564915,10312,1
MESH:C566637,24,1
MESH:C565718,5654,1
MESH:C536122,2916,1
MESH:C536122,57010,1
MESH:C536122,60506,1
MESH:C536122,778,1
MESH:C565741,24,1
MESH:C566604,182,1
MESH:D057826,5961,1
MESH:D057826,7439,1
MESH:C535440,285440,1
MESH:C565733,493856,1
MESH:C535444,23600,1
MESH:D054067,1806,1
MESH:D054067,1807,1
MESH:D006010,178,1
MESH:C566890,178,1
MESH:C566889,178,1
MESH:C566891,178,1
MESH:C537157,6905,1
MESH:D008375,1629,1
MESH:D008375,593,1
MESH:D008375,594,1
MESH:C535712,1629,1
MESH:C535712,593,1
MESH:C535712,594,1
MESH:C563884,8556,1
MESH:C536293,56623,1
MESH:C537493,1301,1
MESH:C536025,1301,1
MESH:C536168,2706,1
MESH:C562829,91851,1
MESH:C537404,2688,1
MESH:C567043,2072,1
MESH:C535459,29899,1
MESH:C565647,1749,1
MESH:C563689,23155,1
MESH:C567017,2898,1
MESH:D002538,3569,1
MESH:D002538,3845,1
MESH:D009958,8481,1
MESH:C538270,2773,1
MESH:C564206,2780,1
MESH:C536128,1261,1
MESH:C567554,79574,1
MESH:C565449,6566,1
MESH:C537047,6567,1
MESH:C565121,1729,1
MESH:C536480,60495,1
MESH:D050031,1493,1
MESH:D008180,11277,1
MESH:D008180,1380,1
MESH:D008180,1493,1
MESH:D008180,1773,1
MESH:D008180,2212,1
MESH:D008180,2213,1
MESH:D008180,26191,1
MESH:D008180,3663,1
MESH:D008180,5133,1
MESH:D008180,6775,1
MESH:D008180,7100,1
MESH:C536068,1736,1
MESH:C548084,4893,1
MESH:D009634,5604,1
MESH:D009634,5781,1
MESH:D009634,673,1
MESH:D006528,1499,1
MESH:D006528,324,1
MESH:D006528,3482,1
MESH:D006528,4233,1
MESH:D006528,5157,1
MESH:D006528,5290,1
MESH:D006528,7157,1
MESH:D006528,8312,1
MESH:D006528,841,1
MESH:D002289,1326,1
MESH:D002289,1548,1
MESH:D002289,1956,1
MESH:D002289,2064,1
MESH:D002289,2074,1
MESH:D002289,356,1
MESH:D002289,3659,1
MESH:D002289,3845,1
MESH:D002289,5002,1
MESH:D002289,5071,1
MESH:D002289,5290,1
MESH:D002289,5519,1
MESH:D002289,673,1
MESH:D002289,841,1
MESH:C580062,2261,1
MESH:C580062,3265,1
MESH:C580062,4893,1
MESH:C580062,5290,1
MESH:C537387,4893,1
MESH:D054000,3265,1
MESH:D054000,3845,1
MESH:D054000,4893,1
MESH:D054429,23092,1
MESH:D054429,4763,1
MESH:D054429,5781,1
MESH:D054429,867,1
MESH:D009477,10558,1
MESH:D009477,4803,1
MESH:D009477,4914,1
MESH:C537221,81839,1
MESH:C536334,2771,1
MESH:C536334,845,1
MESH:C557674,3766,1
MESH:D014256,114798,1
MESH:D007767,3321,1
MESH:C566857,1200,1
MESH:C567784,3158,1
MESH:D031845,4853,1
MESH:D016738,182,1
MESH:D016738,4853,1
MESH:C537247,148738,1
MESH:D006432,3077,1
MESH:D006432,650,1
MESH:C536940,9939,1
MESH:C567291,2702,1
MESH:C567291,2703,1
MESH:C566158,2703,1
MESH:C538184,10262,1
MESH:C563320,9129,1
MESH:D008065,1893,1
MESH:C563268,54507,1
MESH:D058631,1513,1
MESH:C565910,4261,1
MESH:C565910,5993,1
MESH:C565910,5994,1
MESH:C565910,8625,1
MESH:D046349,1371,1
MESH:C565035,2073,1
MESH:D058496,10743,1
MESH:C535955,5339,1
MESH:D016112,2312,1
MESH:C535959,3852,1
MESH:C565293,2312,1
MESH:C564818,1041,1
MESH:C538348,7170,1
MESH:D007589,6774,1
MESH:D007589,81704,1
MESH:C565334,1141,1
MESH:C535729,103,1
MESH:C535607,100506658,1
MESH:C535607,11277,1
MESH:C535607,79621,1
MESH:D004476,10804,1
MESH:D004476,9790,1
MESH:D007645,57152,1
MESH:C536725,3756,1
MESH:D017499,10654,1
MESH:D054069,2108,1
MESH:D054069,2109,1
MESH:D054069,2110,1
MESH:D020961,2629,1
MESH:D020961,6620,1
MESH:D020961,6622,1
MESH:D005776,2629,1
MESH:C564306,2629,1
MESH:D001072,93986,1
MESH:C564858,5313,1
MESH:C566310,5313,1
MESH:C565815,1409,1
MESH:C566529,55249,1
MESH:C535705,4000,1
MESH:C567708,4000,1
MESH:D011371,4000,1
MESH:C535703,4000,1
MESH:C537984,9516,1
MESH:C567557,6324,1
MESH:C567557,6331,1
MESH:C567661,4000,1
MESH:C567633,4000,1
MESH:C535852,4000,1
MESH:C536965,5376,1
MESH:C564433,5631,1
MESH:C565206,64218,1
MESH:C566236,7003,1
MESH:D018240,2261,1
MESH:D018240,3815,1
MESH:D018240,6794,1
MESH:D018240,8915,1
MESH:C536911,5979,1
MESH:D009081,4758,1
MESH:D009081,57192,1
MESH:D009081,79158,1
MESH:C537277,93183,1
MESH:D005198,2628,1
MESH:D005198,6514,1
MESH:C537246,477,1
MESH:C566540,477,1
MESH:C566444,50717,1
MESH:C566535,7391,1
MESH:D017118,3145,1
MESH:D029242,4508,1
MESH:D029242,4514,1
MESH:D029242,4519,1
MESH:D029242,4535,1
MESH:D029242,4536,1
MESH:D029242,4538,1
MESH:D029242,4539,1
MESH:D029242,4540,1
MESH:D029242,4541,1
MESH:C537475,4724,1
MESH:C563043,79813,1
MESH:D056768,8139,1
MESH:C535416,4359,1
MESH:C535301,1959,1
MESH:C565335,6390,1
MESH:C565335,6391,1
MESH:D013341,2776,1
MESH:C563321,4009,1
MESH:C536271,10999,1
MESH:C536188,999,1
MESH:C565712,919,1
MESH:D047748,9049,1
MESH:D047748,9101,1
MESH:C536510,10560,1
MESH:D006502,2153,1
MESH:D006502,3717,1
MESH:D020016,2153,1
MESH:D005166,2153,1
MESH:D002544,2147,1
MESH:D002544,2153,1
MESH:D002544,241,1
MESH:D002544,4846,1
MESH:D002544,5583,1
MESH:C536260,5328,1
MESH:C537799,92344,1
MESH:C537996,5396,1
MESH:C536561,2328,1
MESH:C564234,4653,1
MESH:C563692,134430,1
MESH:C565547,1545,1
MESH:D003117,2652,1
MESH:D003117,611,1
MESH:D008175,1326,1
MESH:D008175,1548,1
MESH:D008175,1956,1
MESH:D008175,2064,1
MESH:D008175,2074,1
MESH:D008175,356,1
MESH:D008175,3659,1
MESH:D008175,3845,1
MESH:D008175,5002,1
MESH:D008175,5071,1
MESH:D008175,5290,1
MESH:D008175,5519,1
MESH:D008175,673,1
MESH:D008175,841,1
MESH:D056735,355,1
MESH:D056735,356,1
MESH:D056735,841,1
MESH:C567009,55157,1
MESH:C563162,56172,1
MESH:D020152,462,1
MESH:C566021,3458,1
MESH:C566021,7249,1
MESH:C536404,7827,1
MESH:C564242,23534,1
MESH:C567492,89884,1
MESH:C562704,2688,1
MESH:C567803,5449,1
MESH:C536275,5155,1
MESH:C536275,5159,1
MESH:C536275,6575,1
MESH:C536832,2752,1
MESH:D016109,3909,1
MESH:D016109,3914,1
MESH:D016109,3918,1
MESH:D006105,1536,1
MESH:C565533,1535,1
MESH:C537560,10216,1
MESH:C564166,79577,1
MESH:C567688,2165,1
MESH:C566801,23418,1
MESH:C563999,23418,1
MESH:C538363,3000,1
MESH:C536133,54903,1
MESH:D008305,6261,1
MESH:C535694,6261,1
MESH:D016110,3852,1
MESH:D016110,3861,1
MESH:D056685,3265,1
MESH:D007418,72,1
MESH:D007418,79827,1
MESH:C563802,55215,1
MESH:D017436,2260,1
MESH:D017436,3730,1
MESH:C567098,10299,1
MESH:C563661,25778,1
MESH:D017074,29851,1
MESH:C564133,2206,1
MESH:C564133,3566,1
MESH:C564133,50615,1
MESH:C564133,7941,1
MESH:C562880,286077,1
MESH:C562509,3664,1
MESH:C566605,7341,1
MESH:C567516,3756,1
MESH:C565697,343035,1
MESH:C536343,28982,1
MESH:D012779,4750,1
MESH:D012779,79659,1
MESH:C565460,1063,1
MESH:C536490,7399,1
MESH:C536490,79955,1
MESH:D055947,7046,1
MESH:C535326,6910,1
MESH:C538005,1861,1
MESH:D007888,10128,1
MESH:D007888,1737,1
MESH:D007888,1738,1
MESH:D007888,5091,1
MESH:D007888,5160,1
MESH:D007888,5162,1
MESH:D007888,6329,1
MESH:D007888,8050,1
MESH:C536681,22930,1
MESH:D004310,137814,1
MESH:D004310,1482,1
MESH:D004310,2627,1
MESH:D004310,6899,1
MESH:D003550,1080,1
MESH:D003550,2212,1
MESH:D003550,7040,1
MESH:C536319,9255,1
MESH:C566856,5664,1
MESH:D000544,351,1
MESH:D000544,4353,1
MESH:D000544,4846,1
MESH:D000544,5328,1
MESH:C567436,56997,1
MESH:D054091,2316,1
MESH:C567707,57165,1
MESH:D020371,5354,1
MESH:C579880,58,1
MESH:D009224,1180,1
MESH:C535683,57190,1
MESH:C563529,58,1
MESH:C537548,84942,1
MESH:C537607,8443,1
MESH:D018902,5191,1
MESH:C565221,54583,1
MESH:C565784,9997,1
MESH:D002609,1130,1
MESH:D049310,4625,1
MESH:D049310,7072,1
MESH:D049310,7273,1
MESH:D013771,1482,1
MESH:D013771,182,1
MESH:D013771,23414,1
MESH:D013771,2626,1
MESH:D013771,2627,1
MESH:D013771,6899,1
MESH:C565394,4548,1
MESH:D013398,6331,1
MESH:C566254,7043,1
MESH:D011535,1131,1
MESH:C538191,2271,1
MESH:C535516,2271,1
MESH:C566381,5296,1
MESH:D030401,6834,1
MESH:C563650,114548,1
MESH:C567641,5293,1
MESH:C567641,90417,1
MESH:C564404,51185,1
MESH:D052517,285362,1
MESH:C563747,56652,1
MESH:D013132,64374,1
MESH:D029597,3784,1
MESH:C535686,859,1
MESH:C567515,144245,1
MESH:C567515,3757,1
MESH:C567515,859,1
MESH:C567365,57545,1
MESH:D006623,595,1
MESH:D006623,7428,1
MESH:C563918,7428,1
MESH:D009396,2239,1
MESH:D009396,2719,1
MESH:D009396,3481,1
MESH:D009396,675,1
MESH:D009396,7490,1
MESH:D003924,10644,1
MESH:D003924,169026,1
MESH:D003924,208,1
MESH:D003924,2645,1
MESH:D003924,2820,1
MESH:D003924,3159,1
MESH:D003924,3172,1
MESH:D003924,3569,1
MESH:D003924,3651,1
MESH:D003924,3667,1
MESH:D003924,3767,1
MESH:D003924,3990,1
MESH:D003924,4544,1
MESH:D003924,4760,1
MESH:D003924,5078,1
MESH:D003924,5167,1
MESH:D003924,5468,1
MESH:D003924,5506,1
MESH:D003924,56729,1
MESH:D003924,5770,1
MESH:D003924,6514,1
MESH:D003924,6833,1
MESH:D003924,6927,1
MESH:D003924,6928,1
MESH:D003924,6934,1
MESH:D003924,7466,1
MESH:D003924,8660,1
MESH:D003924,9479,1
MESH:C562710,3643,1
MESH:C563733,5468,1
MESH:C567325,80746,1
MESH:C548083,5894,1
MESH:C537117,5894,1
MESH:D044542,5781,1
MESH:C566954,7414,1
MESH:C537847,3845,1
MESH:C535612,7476,1
MESH:C565776,79188,1
MESH:C566415,8292,1
MESH:D028921,686,1
MESH:C567936,7068,1
MESH:D018382,7849,1
MESH:C564154,7068,1
MESH:C537465,54880,1
MESH:D002925,27019,1
MESH:D008382,2200,1
MESH:D003123,4436,1
MESH:D003123,5378,1
MESH:C535751,201595,1
MESH:C567087,23171,1
MESH:D016537,2720,1
MESH:C566895,2720,1
MESH:D055847,4292,1
MESH:C536928,2956,1
MESH:C536928,4292,1
MESH:C536928,4436,1
MESH:C536928,5395,1
MESH:D020388,1756,1
MESH:D010051,1499,1
MESH:D010051,2064,1
MESH:D010051,207,1
MESH:D010051,4978,1
MESH:D010051,5071,1
MESH:D010051,5290,1
MESH:D010051,999,1
MESH:C567379,4615,1
MESH:C567037,54795,1
MESH:C566244,9992,1
MESH:C563907,6331,1
MESH:C566185,6331,1
MESH:C566186,6331,1
MESH:D004916,6335,1
MESH:C563738,6598,1
MESH:C536382,4041,1
MESH:C536382,8322,1
MESH:C536560,51099,1
MESH:C537286,3295,1
MESH:C536101,80324,1
MESH:C567263,5961,1
MESH:C567263,6094,1
MESH:C537909,582,1
MESH:C537909,79140,1
MESH:C537909,84100,1
MESH:C535337,79443,1
MESH:C563418,259236,1
MESH:C537564,5745,1
MESH:C537914,5745,1
MESH:C564010,5745,1
MESH:C565114,5745,1
MESH:D055652,23218,1
MESH:C566007,11277,1
MESH:C535924,11277,1
MESH:C536887,392255,1
MESH:D016108,1294,1
MESH:D016108,4312,1
MESH:C567122,1294,1
MESH:C567122,4312,1
MESH:C535494,1294,1
MESH:C536979,1294,1
MESH:C535956,1294,1
MESH:C564384,1294,1
MESH:C567121,1294,1
MESH:C567121,4312,1
MESH:D017488,3848,1
MESH:C537185,3913,1
MESH:D006689,200942,1
MESH:C537533,545,1
MESH:C566475,2779,1
MESH:C566321,9049,1
MESH:C538246,95,1
MESH:C535767,132158,1
MESH:D012512,2130,1
MESH:C535746,79053,1
MESH:C537669,4976,1
MESH:C567632,8820,1
MESH:D025962,8820,1
MESH:C566466,8462,1
MESH:C536573,2317,1
MESH:C535396,2317,1
MESH:C579928,2317,1
MESH:C535780,2317,1
MESH:C535288,9401,1
MESH:C566729,5162,1
MESH:D020191,1822,1
MESH:D020191,950,1
MESH:C538225,57514,1
MESH:C538225,9790,1
MESH:C536919,4286,1
MESH:C536464,4286,1
MESH:C536463,6663,1
MESH:D014849,5077,1
MESH:C567155,4254,1
MESH:C567053,6092,1
MESH:D006011,2632,1
MESH:C564878,2632,1
MESH:C564888,51422,1
MESH:C565541,2632,1
MESH:C537911,84100,1
MESH:C562816,1371,1
MESH:C535717,10342,1
MESH:D006871,1545,1
MESH:C562695,79751,1
MESH:D011546,26249,1
MESH:D011546,4306,1
MESH:D011546,6337,1
MESH:D011546,65125,1
MESH:D011546,65266,1
MESH:D011546,8452,1
MESH:C562924,102,1
MESH:C562924,3852,1
MESH:D000474,3081,1
MESH:C563763,9657,1
MESH:C566460,286676,1
MESH:C537145,846,1
MESH:C563375,846,1
MESH:C565261,59341,1
MESH:C567085,59,1
MESH:D020521,2147,1
MESH:D020521,2153,1
MESH:D020521,241,1
MESH:D020521,4846,1
MESH:D020521,5583,1
MESH:D020176,2184,1
MESH:D020176,3242,1
MESH:D020176,6898,1
MESH:C567006,28976,1
MESH:D001606,2811,1
MESH:D001606,2812,1
MESH:D001606,2815,1
MESH:C565550,2811,1
MESH:C565550,2812,1
MESH:C565550,2815,1
MESH:C562966,55764,1
MESH:C562733,5959,1
MESH:C562733,5961,1
MESH:C562733,6010,1
MESH:C562733,6017,1
MESH:D016506,27032,1
MESH:C537756,27031,1
MESH:C538259,7018,1
MESH:D012497,3074,1
MESH:D010004,3248,1
MESH:D010004,6578,1
MESH:C563848,1410,1
MESH:D056693,5095,1
MESH:D056693,5096,1
MESH:C567126,56945,1
MESH:C564499,9210,1
MESH:C563797,85476,1
MESH:D023961,2492,1
MESH:C537407,5352,1
MESH:C537709,8546,1
MESH:C565801,1356,1
MESH:C536004,1356,1
MESH:C567262,9197,1
MESH:C567769,2671,1
MESH:D002549,5428,1
MESH:C566982,57560,1
MESH:C538139,6476,1
MESH:D015223,3988,1
MESH:C537417,590,1
MESH:C566751,590,1
MESH:D000848,4487,1
MESH:C566393,11235,1
MESH:D020786,11235,1
MESH:D020786,5290,1
MESH:D020786,83605,1
MESH:D020786,889,1
MESH:C536841,5274,1
MESH:C565328,3207,1
MESH:C565805,2690,1
MESH:C565805,2693,1
MESH:D046150,2690,1
MESH:C567763,5290,1
MESH:D017492,5290,1
MESH:C567863,5290,1
MESH:D055752,5925,1
MESH:C562546,5290,1
MESH:D004613,132884,1
MESH:D004613,2121,1
MESH:C564969,6261,1
MESH:C565706,131118,1
MESH:C565948,4990,1
MESH:C565948,6657,1
MESH:C565949,4990,1
MESH:C565949,6657,1
MESH:C535308,56922,1
MESH:C535962,5339,1
MESH:C565836,1967,1
MESH:C565312,1181,1
MESH:C537160,147495,1
MESH:C566923,1414,1
MESH:D014929,7466,1
MESH:D056828,2161,1
MESH:C537060,3827,1
MESH:C567258,9370,1
MESH:C565344,8626,1
MESH:C538052,8626,1
MESH:C564365,9076,1
MESH:D029241,4976,1
MESH:C537537,2643,1
MESH:C537537,7054,1
MESH:C567453,165918,1
MESH:C567401,80169,1
MESH:C564508,10134,1
MESH:C567280,6165,1
MESH:C566869,5158,1
MESH:D008059,3425,1
MESH:D001749,2261,1
MESH:D001749,3265,1
MESH:D001749,3845,1
MESH:D001749,5925,1
MESH:D000130,2261,1
MESH:C562937,2261,1
MESH:C538132,2263,1
MESH:C537356,59341,1
MESH:C536508,2261,1
MESH:C537369,2261,1
MESH:C567382,2261,1
MESH:D003394,2263,1
MESH:D000168,2260,1
MESH:D000168,2263,1
MESH:D000168,7291,1
MESH:D054877,10815,1
MESH:D054877,1487,1
MESH:D054877,3954,1
MESH:D054877,53834,1
MESH:D054877,7468,1
MESH:C563843,4487,1
MESH:C536695,132884,1
MESH:C536695,2121,1
MESH:C565631,7466,1
MESH:D004370,1123,1
MESH:D004370,57167,1
MESH:C567416,3166,1
MESH:C567639,579,1
MESH:C536430,91147,1
MESH:C562746,8842,1
MESH:C566823,6622,1
MESH:D010661,5053,1
MESH:D010661,5860,1
MESH:C564738,283989,1
MESH:C565448,1737,1
MESH:C536209,8929,1
MESH:C538119,8929,1
MESH:D017681,5156,1
MESH:D016116,3815,1
MESH:D034701,3815,1
MESH:D007946,3815,1
MESH:D034721,3815,1
MESH:C535860,2324,1
MESH:C535860,3791,1
MESH:C535860,84168,1
MESH:C567196,79644,1
MESH:C535749,56052,1
MESH:C562879,10117,1
MESH:C567038,8671,1
MESH:C537255,147372,1
MESH:D050010,213,1
MESH:C563785,10058,1
MESH:C566300,174,1
MESH:C535679,2296,1
MESH:C535679,5308,1
MESH:C563794,9987,1
MESH:D003784,1834,1
MESH:D003811,1834,1
MESH:C565316,1834,1
MESH:C538216,1834,1
MESH:D063730,5251,1
MESH:D016891,5310,1
MESH:D016891,5311,1
MESH:D016891,5589,1
MESH:D017044,5314,1
MESH:D059446,2657,1
MESH:C537526,56916,1
MESH:C537659,56916,1
MESH:C537089,650,1
MESH:C537089,658,1
MESH:C537089,8200,1
MESH:C535661,4882,1
MESH:C562420,3239,1
MESH:C537931,8200,1
MESH:C562902,10388,1
MESH:D000437,125,1
MESH:D000437,126,1
MESH:D000437,2555,1
MESH:D000437,3356,1
MESH:D000437,50833,1
MESH:D000012,4547,1
MESH:D044905,4126,1
MESH:C565258,60,1
MESH:C565089,166929,1
MESH:C566493,3033,1
MESH:C535310,3033,1
MESH:C566587,401,1
MESH:D000347,2243,1
MESH:D000347,2244,1
MESH:D000347,2266,1
MESH:C567127,1950,1
MESH:C536075,1462,1
MESH:C535684,5308,1
MESH:C566996,287,1
MESH:C563428,287,1
MESH:C565406,8492,1
MESH:C535933,5205,1
MESH:C536192,84627,1
MESH:C565916,55212,1
MESH:C565921,166379,1
MESH:C536530,8642,1
MESH:C567647,5167,1
MESH:C535726,54808,1
MESH:C565329,2549,1
MESH:D029424,3162,1
MESH:D029424,4312,1
MESH:C537360,166785,1
MESH:C537361,326625,1
MESH:D008342,6949,1
MESH:C565359,4306,1
MESH:C566739,4621,1
MESH:C562727,2243,1
MESH:C562727,2244,1
MESH:C562727,2266,1
MESH:C538249,2243,1
MESH:C538249,335,1
MESH:C538249,4069,1
MESH:C538249,567,1
MESH:D054556,2147,1
MESH:D054556,2153,1
MESH:D054556,2162,1
MESH:D054556,3026,1
MESH:D054556,4524,1
MESH:D054556,462,1
MESH:D054556,5624,1
MESH:D054556,5627,1
MESH:C565970,2243,1
MESH:C565970,2244,1
MESH:C565970,2266,1
MESH:C567636,9227,1
MESH:C536992,57674,1
MESH:C563467,6999,1
MESH:C536833,2639,1
MESH:C567764,7092,1
MESH:D054880,175,1
MESH:C537459,2934,1
MESH:C563750,291,1
MESH:C548074,57038,1
MESH:C564185,55325,1
MESH:D005173,2160,1
MESH:C562576,10653,1
MESH:C536987,701,1
MESH:D006250,340024,1
MESH:C536285,153201,1
MESH:D013342,23431,1
MESH:D019871,1736,1
MESH:C567730,6531,1
MESH:C567018,54888,1
MESH:C565510,4552,1
MESH:C564948,22948,1
MESH:C535278,1767,1
MESH:C536208,9320,1
MESH:C566398,5621,1
MESH:C565218,11078,1
MESH:D054463,136647,1
MESH:D054463,2068,1
MESH:C567119,51151,1
MESH:D006966,5618,1
MESH:C565624,133686,1
MESH:D020386,3736,1
MESH:C567207,6507,1
MESH:D003635,25836,1
MESH:D003635,8243,1
MESH:D003635,9126,1
MESH:C567487,2533,1
MESH:C566443,730,1
MESH:C565373,4338,1
MESH:C535811,4337,1
MESH:C562643,9180,1
MESH:C538179,5144,1
MESH:C538179,5573,1
MESH:D003057,1161,1
MESH:D003057,2074,1
MESH:C566345,57688,1
MESH:D054078,4598,1
MESH:C565717,153562,1
MESH:D014897,6606,1
MESH:D014897,6607,1
MESH:C535309,64087,1
MESH:D002836,2158,1
MESH:C566469,5573,1
MESH:C537500,23636,1
MESH:D009087,411,1
MESH:D016538,2990,1
MESH:C565278,29958,1
MESH:C565095,1719,1
MESH:C564254,5921,1
MESH:C565788,84059,1
MESH:C536316,9333,1
MESH:C535944,324,1
MESH:D005736,324,1
MESH:C566778,324,1
MESH:D008113,1499,1
MESH:D008113,324,1
MESH:D008113,3482,1
MESH:D008113,4233,1
MESH:D008113,5157,1
MESH:D008113,5290,1
MESH:D008113,7157,1
MESH:D008113,8312,1
MESH:D008113,841,1
MESH:D000757,55521,1
MESH:D014339,137814,1
MESH:D014339,1482,1
MESH:D014339,2627,1
MESH:D014339,6899,1
MESH:C567129,7273,1
MESH:C536211,2201,1
MESH:C564310,25794,1
MESH:D008209,2324,1
MESH:C536778,6584,1
MESH:C567767,10111,1
MESH:C563649,30813,1
MESH:C535460,51128,1
MESH:C537834,4166,1
MESH:C535477,7045,1
MESH:C535474,7045,1
MESH:C535942,7045,1
MESH:C535466,3786,1
MESH:C537484,6253,1
MESH:C535483,4621,1
MESH:C566049,7201,1
MESH:C564221,2908,1
MESH:C566545,5459,1
MESH:D056770,11005,1
MESH:C565935,30009,1
MESH:C565935,5732,1
MESH:C535423,79628,1
MESH:C536170,1836,1
MESH:C535504,1836,1
MESH:C535395,1836,1
MESH:C536016,1836,1
MESH:C565626,1836,1
MESH:C563007,1280,1
MESH:C580150,1436,1
MESH:C536653,5159,1
MESH:C566951,220074,1
MESH:C567372,345611,1
MESH:D013661,3073,1
MESH:C535896,6444,1
MESH:C566931,9842,1
MESH:C566928,7297,1
MESH:C564064,6792,1
MESH:C563897,3779,1
MESH:C567410,652,1
MESH:C537274,285590,1
MESH:C567123,1482,1
MESH:C566827,4488,1
MESH:C565753,4488,1
MESH:C566826,4488,1
MESH:C566825,4488,1
MESH:D058495,64324,1
MESH:C536687,2146,1
MESH:C536825,54345,1
MESH:C567171,9935,1
MESH:C562943,7157,1
MESH:C580458,9897,1
MESH:C567363,6569,1
MESH:C562999,1591,1
MESH:C562999,6569,1
MESH:D005175,2161,1
MESH:D056829,710,1
MESH:D006933,10599,1
MESH:D006933,28234,1
MESH:C563172,5626,1
MESH:C567527,9509,1
MESH:C564516,10159,1
MESH:C564593,64221,1
MESH:C563476,7415,1
MESH:C567096,3662,1
MESH:C535970,5080,1
MESH:C564899,1053,1
MESH:C567581,2158,1
MESH:C535493,1832,1
MESH:C564400,1832,1
MESH:C535581,1832,1
MESH:C565102,1832,1
MESH:C538346,3728,1
MESH:D019280,147912,1
MESH:D019280,2138,1
MESH:D019280,6495,1
MESH:D019280,7020,1
MESH:C535759,1103,1
MESH:C536888,4222,1
MESH:D020192,378884,1
MESH:D020192,7957,1
MESH:C564976,378884,1
MESH:C564976,7957,1
MESH:C565701,51473,1
MESH:C535803,7915,1
MESH:C562618,210,1
MESH:C562760,2776,1
MESH:C536657,7132,1
MESH:C535979,1589,1
MESH:C565977,1589,1
MESH:C536193,7148,1
MESH:D053307,959,1
MESH:C567605,2697,1
MESH:C567234,8831,1
MESH:C567650,6204,1
MESH:D010580,6794,1
MESH:C563992,7287,1
MESH:D003865,121278,1
MESH:D003865,2289,1
MESH:D003865,3356,1
MESH:C565207,222662,1
MESH:C565467,6335,1
MESH:C567750,5961,1
MESH:C536309,1495,1
MESH:C536309,5961,1
MESH:D015794,1121,1
MESH:C535602,2202,1
MESH:C564284,5961,1
MESH:C564284,6094,1
MESH:C535358,1121,1
MESH:C535358,3000,1
MESH:C564683,191,1
MESH:C564683,27232,1
MESH:C564683,4143,1
MESH:C535994,5189,1
MESH:C535314,9820,1
MESH:C535707,9533,1
MESH:C536766,5429,1
MESH:C567211,221421,1
MESH:C565699,8398,1
MESH:D002973,860,1
MESH:C565390,4594,1
MESH:C566111,6005,1
MESH:C567210,22858,1
MESH:C565557,2729,1
MESH:C563187,51715,1
MESH:C566425,346007,1
MESH:C536390,4036,1
MESH:C535331,2245,1
MESH:D006828,199713,1
MESH:D029461,10020,1
MESH:D029461,26503,1
MESH:C537521,1291,1
MESH:C537521,1292,1
MESH:C537521,1293,1
MESH:C535436,1291,1
MESH:C535436,1292,1
MESH:C535436,1293,1
MESH:C538197,4646,1
MESH:C536602,167691,1
MESH:C535805,6785,1
MESH:C535711,1629,1
MESH:C535711,593,1
MESH:C535711,594,1
MESH:C535781,145873,1
MESH:C535781,3955,1
MESH:C565891,4907,1
MESH:C535744,9526,1
MESH:C566883,28962,1
MESH:D010022,1186,1
MESH:C537362,1789,1
MESH:C537705,7403,1
MESH:C537705,8085,1
MESH:C566984,9896,1
MESH:C536719,9896,1
MESH:C535387,8838,1
MESH:C563856,7259,1
MESH:C567212,345895,1
MESH:C567570,222546,1
MESH:C536570,2697,1
MESH:C538155,3239,1
MESH:C564317,3908,1
MESH:D058088,6442,1
MESH:D020162,383,1
MESH:C537440,5167,1
MESH:C565944,5167,1
MESH:C565337,2070,1
MESH:C536295,54806,1
MESH:D012035,5191,1
MESH:D012035,5264,1
MESH:D017204,6638,1
MESH:D017204,7337,1
MESH:C567273,23328,1
MESH:C563958,387082,1
MESH:D052456,19,1
MESH:C565188,23345,1
MESH:C536614,57222,1
MESH:D038921,6197,1
MESH:C536116,6595,1
MESH:C537723,4204,1
MESH:D003103,5080,1
MESH:C535737,23474,1
MESH:C536005,39,1
MESH:C563618,4018,1
MESH:C566897,5340,1
MESH:C563665,5250,1
MESH:C567845,8635,1
MESH:C538215,64094,1
MESH:C535282,56975,1
MESH:C537502,3977,1
MESH:C565870,54476,1
MESH:C567709,3679,1
MESH:C537183,7291,1
MESH:C566325,2263,1
MESH:C566325,7291,1
MESH:C567504,8701,1
MESH:C567166,84668,1
MESH:C537419,171023,1
MESH:C567854,55975,1
MESH:C563410,1687,1
MESH:C567438,54205,1
MESH:C535397,3198,1
MESH:C567359,3199,1
MESH:C535627,3209,1
MESH:C536424,10804,1
MESH:C536424,2706,1
MESH:C536424,5456,1
MESH:C564859,51251,1
MESH:C566716,6100,1
MESH:C565918,27241,1
MESH:C564305,168667,1
MESH:C566963,57057,1
MESH:C567057,51314,1
MESH:C536252,6424,1
MESH:D054975,2737,1
MESH:C537300,2737,1
MESH:C536333,2737,1
MESH:C538374,2645,1
MESH:C566337,255738,1
MESH:C536582,4967,1
MESH:C566394,83605,1
MESH:C565716,107,1
MESH:C537409,695,1
MESH:C538150,4038,1
MESH:D056807,435,1
MESH:C567095,154881,1
MESH:C563796,256297,1
MESH:D021921,2006,1
MESH:D018980,2006,1
MESH:D018980,51085,1
MESH:C565532,653361,1
MESH:C535413,3315,1
MESH:C564245,948,1
MESH:C564265,3082,1
MESH:C548072,27445,1
MESH:C535935,5205,1
MESH:C535935,5244,1
MESH:C535935,8647,1
MESH:C567384,5243,1
MESH:C567513,10142,1
MESH:D052919,5189,1
MESH:C563233,219285,1
MESH:C562625,1277,1
MESH:C562625,9509,1
MESH:C536195,1290,1
MESH:C536044,1277,1
MESH:C536044,1278,1
MESH:D015663,1277,1
MESH:D015663,1278,1
MESH:D015663,6569,1
MESH:D015663,799,1
MESH:D015663,8572,1
MESH:D015663,9368,1
MESH:C536096,8910,1
MESH:C536398,10165,1
MESH:D020159,445,1
MESH:C538053,10165,1
MESH:C537248,7036,1
MESH:C563739,1174,1
MESH:C567320,8985,1
MESH:C537848,5649,1
MESH:C536210,1811,1
MESH:D007010,59341,1
MESH:C567282,857,1
MESH:D013734,367,1
MESH:C535984,1080,1
MESH:C567618,1080,1
MESH:C567618,6338,1
MESH:C567648,23554,1
MESH:C566966,220202,1
MESH:C537849,4693,1
MESH:C567393,5078,1
MESH:C567425,55131,1
MESH:C564140,3614,1
MESH:C566715,3614,1
MESH:C537932,2318,1
MESH:C567316,7139,1
MESH:D055673,374654,1
MESH:C565551,6916,1
MESH:C535579,673,1
MESH:C538280,55750,1
MESH:C567616,7480,1
MESH:C567419,70,1
MESH:C535887,3689,1
MESH:D003424,3569,1
MESH:D003424,64127,1
MESH:C566921,135935,1
MESH:C538247,60386,1
MESH:C567657,26047,1
MESH:C566506,3757,1
MESH:D029593,3753,1
MESH:D029593,3784,1
MESH:C564181,6469,1
MESH:C538177,374654,1
MESH:C537342,6469,1
MESH:C536311,64327,1
MESH:C573898,64327,1
MESH:C566046,64327,1
MESH:C536221,3110,1
MESH:C535902,6443,1
MESH:C537952,2055,1
MESH:C564269,9639,1
MESH:C538263,2626,1
MESH:C563799,8869,1
MESH:C567016,7991,1
MESH:C563660,5727,1
MESH:D055577,427,1
MESH:D008072,344,1
MESH:D008072,4023,1
MESH:D006950,4023,1
MESH:C567274,526,1
MESH:D015473,4926,1
MESH:D015473,5914,1
MESH:C537055,55806,1
MESH:C567048,6440,1
MESH:C566882,6439,1
MESH:C564168,23516,1
MESH:D015518,4204,1
MESH:C537987,4747,1
MESH:C537994,4747,1
MESH:C563679,1135,1
MESH:D014898,7486,1
MESH:C536050,2260,1
MESH:C564484,2260,1
MESH:D016715,207,1
MESH:D016715,5728,1
MESH:C537559,2260,1
MESH:C537559,2263,1
MESH:C563818,81790,1
MESH:D009084,138050,1
MESH:D009084,2799,1
MESH:D009084,4669,1
MESH:D009084,6448,1
MESH:C538365,6101,1
MESH:D056730,3481,1
MESH:C567690,767,1
MESH:C535393,7274,1
MESH:C566340,9420,1
MESH:C537104,2138,1
MESH:C535418,54332,1
MESH:C535418,56704,1
MESH:C536058,760,1
MESH:D000141,6521,1
MESH:C536129,54714,1
MESH:D049932,4683,1
MESH:C536132,91147,1
MESH:C537612,91147,1
MESH:C567141,80184,1
MESH:C567141,91147,1
MESH:C536258,54704,1
MESH:C536438,157680,1
MESH:C567675,6935,1
MESH:C563890,79977,1
MESH:C567768,50484,1
MESH:C564972,23479,1
MESH:C565710,23414,1
MESH:C566033,7227,1
MESH:C548078,5885,1
MESH:D005097,2131,1
MESH:D018761,4221,1
MESH:D002813,2131,1
MESH:C537701,4982,1
MESH:C535313,9897,1
MESH:D020936,6326,1
MESH:C562771,405753,1
MESH:C535716,10397,1
MESH:C567714,83696,1
MESH:C563177,1584,1
MESH:C537806,1585,1
MESH:D006954,116519,1
MESH:C563258,389692,1
MESH:C567408,5339,1
MESH:C535377,3691,1
MESH:C535377,5339,1
MESH:C537111,113278,1
MESH:C538178,55630,1
MESH:C536788,9401,1
MESH:D003555,11136,1
MESH:D003555,6519,1
MESH:C567867,23189,1
MESH:C535731,7436,1
MESH:C567656,124997,1
MESH:C563678,169522,1
MESH:C565705,169792,1
MESH:C536171,6505,1
MESH:C536842,10019,1
MESH:C536842,2057,1
MESH:C536842,3717,1
MESH:C567374,7306,1
MESH:C536022,158326,1
MESH:C563985,1029,1
MESH:C536149,1029,1
MESH:D012516,11200,1
MESH:D012516,5925,1
MESH:D012516,7157,1
MESH:C574275,1749,1
MESH:C563977,7010,1
MESH:C565956,2688,1
MESH:C563685,10210,1
MESH:C538013,54840,1
MESH:C566550,23064,1
MESH:C535715,10280,1
MESH:C565957,57679,1
MESH:C535658,8200,1
MESH:D005621,2395,1
MESH:C535442,80270,1
MESH:C535442,9414,1
MESH:C564675,117531,1
MESH:C566593,140803,1
MESH:D054546,23230,1
MESH:C567032,29968,1
MESH:C563938,4915,1
MESH:C566454,79048,1
MESH:C537088,3549,1
MESH:C567856,79068,1
MESH:C535752,4247,1
MESH:D015319,2203,1
MESH:D004314,2623,1
MESH:C537805,3293,1
MESH:C537901,2304,1
MESH:C535785,54187,1
MESH:C536150,7046,1
MESH:C538068,3795,1
MESH:D013631,19,1
MESH:D006816,3064,1
MESH:D004402,8518,1
MESH:C564629,25861,1
MESH:C537730,4157,1
MESH:C537730,4948,1
MESH:C535897,22954,1
MESH:C565920,22954,1
MESH:C537005,727,1
MESH:C565657,286204,1
MESH:C567838,2516,1
MESH:D009261,4010,1
MESH:D013683,2022,1
MESH:C537702,4089,1
MESH:C537702,657,1
MESH:C563358,94,1
MESH:C563412,4089,1
MESH:C567228,203,1
MESH:C537194,2733,1
MESH:D054438,25,1
MESH:D054438,613,1
MESH:D014402,7248,1
MESH:C565346,7248,1
MESH:D018192,7248,1
MESH:D018192,7249,1
MESH:D003922,26191,1
MESH:D003922,3569,1
MESH:D003922,3710,1
MESH:D003922,5078,1
MESH:D003922,6927,1
MESH:D011697,11093,1
MESH:C536102,389827,1
MESH:C535662,2200,1
MESH:D007024,27235,1
MESH:C537236,1757,1
MESH:C537979,64170,1
MESH:C537979,64581,1
MESH:C536984,56623,1
MESH:C567651,286262,1
MESH:C565232,3559,1
MESH:C566602,3559,1
MESH:C564233,10133,1
MESH:C531816,100,1
MESH:C567508,783,1
MESH:C564624,53904,1
MESH:C566956,92935,1
MESH:D018813,5979,1
MESH:D018814,5979,1
MESH:C567059,1027,1
MESH:C562434,2074,1
MESH:C535992,2074,1
MESH:C567456,4477,1
MESH:C563602,4153,1
MESH:C563705,65217,1
MESH:C566502,72,1
MESH:C537279,26128,1
MESH:C535813,3098,1
MESH:C563673,50674,1
MESH:C538382,5092,1
MESH:C538322,55315,1
MESH:C563327,491,1
MESH:C563327,64072,1
MESH:C535342,3299,1
MESH:D007965,2581,1
MESH:C567125,5660,1
MESH:C566435,5660,1
MESH:C567097,5660,1
MESH:C564805,9325,1
MESH:C565255,23522,1
MESH:C536717,23522,1
MESH:C563719,3778,1
MESH:C536423,11128,1
MESH:C537485,3329,1
MESH:C536355,6229,1
MESH:C566451,657,1
MESH:C538375,2746,1
MESH:C567551,9060,1
MESH:C565342,5728,1
MESH:D015217,3988,1
MESH:C565507,55165,1
MESH:C567758,5146,1
MESH:C567759,5146,1
MESH:C535761,4868,1
MESH:C535761,51196,1
MESH:C535761,7827,1
MESH:C563703,1557,1
MESH:C563704,1557,1
MESH:C563838,10516,1
MESH:C564252,176,1
MESH:C536414,189,1
MESH:C565214,118813,1
MESH:D007566,1244,1
MESH:D011561,368,1
MESH:D011561,64131,1
MESH:D011561,64132,1
MESH:C537168,5076,1
MESH:C563575,5428,1
MESH:C537617,145173,1
MESH:C537775,5309,1
MESH:C567076,1586,1
MESH:C537152,486,1
MESH:C565155,1308,1
MESH:D005168,2155,1
MESH:D007706,538,1
MESH:C565129,2263,1
MESH:C566511,2263,1
MESH:D046589,4854,1
MESH:C566487,36,1
MESH:D015799,4942,1
MESH:D017092,7390,1
MESH:C566896,3265,1
MESH:C563798,977,1
MESH:C565100,3630,1
MESH:C562776,3630,1
MESH:D015477,23092,1
MESH:D015477,4763,1
MESH:D015477,5781,1
MESH:D015477,867,1
MESH:C564543,1028,1
MESH:C566108,6786,1
MESH:D017086,3043,1
MESH:D000755,3043,1
MESH:D052120,3920,1
MESH:C564192,3043,1
MESH:D017085,3039,1
MESH:D017085,3040,1
MESH:D017085,3043,1
MESH:D052536,6609,1
MESH:D052537,6609,1
MESH:C567268,6609,1
MESH:C535421,81846,1
MESH:C535422,81846,1
MESH:C567878,272,1
MESH:C564005,120227,1
MESH:D046768,3767,1
MESH:D046768,6833,1
MESH:D044903,3767,1
MESH:D044903,6833,1
MESH:C567215,10804,1
MESH:C537480,8291,1
MESH:C536039,203859,1
MESH:C567645,203859,1
MESH:D010024,1277,1
MESH:D010024,1278,1
MESH:D010024,6569,1
MESH:D010024,799,1
MESH:D010024,8572,1
MESH:D010024,9368,1
MESH:C537022,5080,1
MESH:D017624,5080,1
MESH:D017624,7490,1
MESH:C563492,5080,1
MESH:C563493,5080,1
MESH:D052159,7490,1
MESH:D030321,7490,1
MESH:C567355,966,1
MESH:D020642,847,1
MESH:C565447,8050,1
MESH:C563311,5896,1
MESH:C563311,5897,1
MESH:C567115,5896,1
MESH:C567115,5897,1
MESH:C563691,5896,1
MESH:D053632,3561,1
MESH:C566510,60529,1
MESH:C562724,2147,1
MESH:C537525,50964,1
MESH:C566169,4607,1
MESH:C567340,91252,1
MESH:C565168,710,1
MESH:C537291,63901,1
MESH:C537020,63901,1
MESH:C563242,2694,1
MESH:D020790,551,1
MESH:C536131,51259,1
MESH:C536294,51259,1
MESH:C566646,54949,1
MESH:C536352,7439,1
MESH:C567712,7439,1
MESH:C536644,26580,1
MESH:C567555,83706,1
MESH:D006012,5837,1
MESH:D049912,9049,1
MESH:C563683,84153,1
MESH:C567832,117144,1
MESH:C567832,117155,1
MESH:C567832,161497,1
MESH:C563702,64837,1
MESH:D015324,5091,1
MESH:C565969,1991,1
MESH:C537856,2259,1
MESH:C536056,4041,1
MESH:C566619,4041,1
MESH:D003966,7040,1
MESH:C535588,1374,1
MESH:C567376,219931,1
MESH:D019082,1717,1
MESH:C537122,3636,1
MESH:C567735,10008,1
MESH:C566878,4204,1
MESH:C564007,4647,1
MESH:C567833,84233,1
MESH:D012178,4041,1
MESH:D012178,8322,1
MESH:C537627,1075,1
MESH:C537729,7299,1
MESH:C537728,7299,1
MESH:C567139,123041,1
MESH:C535420,8898,1
MESH:C565831,7225,1
MESH:C567279,9313,1
MESH:C537353,4322,1
MESH:D001260,472,1
MESH:C566865,472,1
MESH:D002345,6392,1
MESH:C566831,6392,1
MESH:C567493,5805,1
MESH:C564461,5422,1
MESH:D028227,2934,1
MESH:D028227,9445,1
MESH:C567728,3587,1
MESH:C567514,6330,1
MESH:C566769,3145,1
MESH:C536726,5818,1
MESH:C563464,5818,1
MESH:C563295,7007,1
MESH:C537880,6309,1
MESH:C567734,55800,1
MESH:C536141,220296,1
MESH:C536141,23209,1
MESH:C565504,219844,1
MESH:C537652,6557,1
MESH:C535541,27034,1
MESH:C564162,65125,1
MESH:C566470,93589,1
MESH:C536962,775,1
MESH:C567509,775,1
MESH:C562791,8074,1
MESH:C563278,3736,1
MESH:C567174,3736,1
MESH:C567389,3741,1
MESH:D056728,7450,1
MESH:D056725,7450,1
MESH:D056729,7450,1
MESH:D056929,6338,1
MESH:C566993,6843,1
MESH:C566029,7167,1
MESH:C536959,113246,1
MESH:C565170,716,1
MESH:C562626,715,1
MESH:C567045,4040,1
MESH:C536167,4256,1
MESH:C566483,5149,1
MESH:D005878,54658,1
MESH:C563641,3945,1
MESH:C535572,10060,1
MESH:D005879,114798,1
MESH:D005879,3067,1
MESH:C563740,121512,1
MESH:C537126,10059,1
MESH:C567739,55605,1
MESH:C580388,144165,1
MESH:C557815,3557,1
MESH:C535819,1311,1
MESH:C563627,1280,1
MESH:C535799,1280,1
MESH:D005271,1280,1
MESH:C565179,1280,1
MESH:C563709,1280,1
MESH:C565046,1280,1
MESH:C537207,1280,1
MESH:C565740,1280,1
MESH:C535766,1280,1
MESH:C563710,1280,1
MESH:D006014,5213,1
MESH:C567766,84733,1
MESH:D058490,2516,1
MESH:C566908,7846,1
MESH:D018500,359,1
MESH:D018500,554,1
MESH:C536173,362,1
MESH:C566980,57609,1
MESH:D053549,3868,1
MESH:D053549,3872,1
MESH:C563730,3852,1
MESH:D053560,3849,1
MESH:C563978,1475,1
MESH:C563978,3849,1
MESH:C536088,3848,1
MESH:C564367,3858,1
MESH:D053559,3859,1
MESH:C562577,3875,1
MESH:C566123,3875,1
MESH:C565846,3875,1
MESH:C536008,8086,1
MESH:C538141,6821,1
MESH:C567649,6231,1
MESH:C564369,2065,1
MESH:C537412,4035,1
MESH:C536332,2735,1
MESH:C566467,10102,1
MESH:C537415,23592,1
MESH:C563593,23592,1
MESH:C567682,3458,1
MESH:C567682,7249,1
MESH:C537015,29123,1
MESH:D003866,121278,1
MESH:D003866,2289,1
MESH:D003866,3356,1
MESH:C565919,79738,1
MESH:C537688,80184,1
MESH:C565720,80184,1
MESH:C565677,11081,1
MESH:C566452,1634,1
MESH:C565319,246213,1
MESH:C563867,3479,1
MESH:C567494,5053,1
MESH:C567494,5860,1
MESH:C535353,55703,1
MESH:C536339,4598,1
MESH:C537013,89910,1
MESH:C535797,59341,1
MESH:C563981,59341,1
MESH:C537172,59341,1
MESH:C564656,59341,1
MESH:D007644,488,1
MESH:C565125,488,1
MESH:C565126,488,1
MESH:C562938,5781,1
MESH:C536937,6926,1
MESH:C563561,26353,1
MESH:C537596,35,1
MESH:C563933,6927,1
MESH:C564190,6927,1
MESH:C567286,6927,1
MESH:C565101,3172,1
MESH:C536750,23545,1
MESH:C564272,22953,1
MESH:D013494,4137,1
MESH:C536457,2706,1
MESH:C566528,2706,1
MESH:C537210,2706,1
MESH:C567839,2254,1
MESH:C536943,9241,1
MESH:C535900,6445,1
MESH:C536787,26278,1
MESH:C563451,3651,1
MESH:D004480,81839,1
MESH:C566600,51371,1
MESH:C567090,91662,1
MESH:C563980,675,1
MESH:C537181,25953,1
MESH:C536858,23111,1
MESH:C565138,341640,1
MESH:C535750,79796,1
MESH:C538380,10166,1
MESH:D006527,540,1
MESH:C563790,81624,1
MESH:C536399,129563,1
MESH:C575534,1203,1
MESH:C565248,26224,1
MESH:C535334,1910,1
MESH:C537746,10082,1
MESH:C567664,2535,1
MESH:C535347,23483,1
MESH:C566464,7546,1
MESH:C567652,6555,1
MESH:D056889,6901,1
MESH:C567088,1282,1
MESH:C536391,2483,1
MESH:D005171,2159,1
MESH:C537743,6295,1
MESH:C567499,283,1
MESH:C567698,57096,1
MESH:C565327,57096,1
MESH:C566916,23322,1
MESH:C562687,9056,1
MESH:C536709,4323,1
MESH:C564679,6444,1
MESH:D039141,8106,1
MESH:C563540,4624,1
MESH:C562934,274,1
MESH:C564128,85446,1
MESH:C563526,4901,1
MESH:C563527,4901,1
MESH:C564835,10002,1
MESH:C563335,1690,1
MESH:C565198,1073,1
MESH:C566152,11235,1
MESH:C566152,5290,1
MESH:C566152,83605,1
MESH:C566152,889,1
MESH:C567034,7080,1
MESH:C567036,5083,1
MESH:C564332,10484,1
MESH:C567287,55172,1
MESH:C535306,6576,1
MESH:C535306,79944,1
MESH:D006013,5836,1
MESH:C563732,80821,1
MESH:C538007,2643,1
MESH:C536974,6299,1
MESH:C565357,6495,1
MESH:C566678,6710,1
MESH:C565374,10243,1
MESH:C567197,145226,1
MESH:C537769,64093,1
MESH:C536598,348,1
MESH:C536598,5663,1
MESH:C566296,5663,1
MESH:D020774,4137,1
MESH:D020774,5663,1
MESH:C564330,348,1
MESH:C564330,5663,1
MESH:C564329,348,1
MESH:C564329,5663,1
MESH:C566402,4329,1
MESH:C566447,338917,1
MESH:C566448,338917,1
MESH:C564747,55788,1
MESH:C536119,10577,1
MESH:C567765,4053,1
MESH:D056846,2200,1
MESH:D056846,81794,1
MESH:D017889,4016,1
MESH:C565593,55640,1
MESH:C563908,2103,1
MESH:C535740,4351,1
MESH:C535382,26276,1
MESH:C576976,7253,1
MESH:C563786,7253,1
MESH:C566384,7253,1
MESH:C580102,79152,1
MESH:C565814,55812,1
MESH:C565917,123016,1
MESH:C537860,538,1
MESH:C536015,9321,1
MESH:C565152,866,1
MESH:D005600,2332,1
MESH:D005600,2334,1
MESH:D009456,4763,1
MESH:C563052,57465,1
MESH:C566544,145258,1
MESH:C537516,23405,1
MESH:C566709,23405,1
MESH:C548069,7443,1
MESH:D054221,1641,1
MESH:D054221,5048,1
MESH:C566476,284058,1
MESH:C567687,64423,1
MESH:D011218,23742,1
MESH:D011218,54551,1
MESH:D011218,7681,1
MESH:D011218,8924,1
MESH:C567704,4308,1
MESH:C536446,9990,1
MESH:D000742,10483,1
MESH:D000742,146059,1
MESH:D000742,9493,1
MESH:C548032,161742,1
MESH:C538167,3712,1
MESH:C535895,825,1
MESH:C535880,197131,1
MESH:C567202,2038,1
MESH:C566339,161497,1
MESH:C567010,117155,1
MESH:C567010,161497,1
MESH:C537483,80208,1
MESH:C566576,80208,1
MESH:D013595,54463,1
MESH:D013595,547,1
MESH:D013595,6335,1
MESH:D013595,65125,1
MESH:C565476,567,1
MESH:C564608,50506,1
MESH:C567192,2628,1
MESH:C567300,283652,1
MESH:C536030,2200,1
MESH:C536194,1289,1
MESH:C537436,1588,1
MESH:C537301,4644,1
MESH:C567706,256764,1
MESH:C537302,5873,1
MESH:C565409,51324,1
MESH:C538398,390594,1
MESH:D046351,2235,1
MESH:C536161,79719,1
MESH:C564784,3073,1
MESH:C567601,3073,1
MESH:C564782,3073,1
MESH:C537912,585,1
MESH:C563513,10021,1
MESH:C567732,10021,1
MESH:C537768,64220,1
MESH:C563720,10518,1
MESH:C567281,6218,1
MESH:C567558,176,1
MESH:C564395,5428,1
MESH:C564395,56652,1
MESH:C564621,374654,1
MESH:C567577,2316,1
MESH:C537565,10683,1
MESH:C537565,145873,1
MESH:D001816,641,1
MESH:C564816,3480,1
MESH:C564258,4205,1
MESH:C536958,22856,1
MESH:C535506,773,1
MESH:C535904,64788,1
MESH:C565367,84572,1
MESH:C535463,9742,1
MESH:C567046,21,1
MESH:C567299,1499,1
MESH:C567299,324,1
MESH:C567299,3482,1
MESH:C567299,4233,1
MESH:C567299,5157,1
MESH:C567299,5290,1
MESH:C567299,7157,1
MESH:C567299,8312,1
MESH:C567299,841,1
MESH:C535499,57465,1
MESH:D010505,4210,1
MESH:D016463,4210,1
MESH:D005909,2064,1
MESH:D005909,3417,1
MESH:D005909,7157,1
MESH:C566930,84662,1
MESH:C537213,79641,1
MESH:C535739,5373,1
MESH:D004062,137814,1
MESH:D004062,1482,1
MESH:D004062,2627,1
MESH:D004062,54487,1
MESH:D004062,6899,1
MESH:D004062,8214,1
MESH:D004062,8220,1
MESH:D004062,9993,1
MESH:C566879,2073,1
MESH:C537555,54820,1
MESH:C537696,7369,1
MESH:C564633,146183,1
MESH:C563657,79728,1
MESH:C565690,7284,1
MESH:C536607,487,1
MESH:C562718,226,1
MESH:C567809,5261,1
MESH:C564741,2677,1
MESH:C564393,79001,1
MESH:C565662,2778,1
MESH:D006030,6524,1
MESH:C563008,5257,1
MESH:C538157,64127,1
MESH:C566272,6299,1
MESH:D053579,6559,1
MESH:C536051,4313,1
MESH:C537910,583,1
MESH:C564652,9289,1
MESH:C565820,79650,1
MESH:C537084,1009,1
MESH:C565703,4094,1
MESH:D038901,57502,1
MESH:D007863,3931,1
MESH:C536190,1001,1
MESH:C537698,1001,1
MESH:C567653,16,1
MESH:C535748,1798,1
MESH:C563886,54768,1
MESH:C537680,1723,1
MESH:C535456,3554,1
MESH:C563270,4166,1
MESH:C537209,80781,1
MESH:C567296,53630,1
MESH:C535702,23417,1
MESH:C567713,123872,1
MESH:D010547,2294,1
MESH:C567188,2303,1
MESH:C564708,57338,1
MESH:C538228,353,1
MESH:C580002,197322,1
MESH:C567241,1013,1
MESH:C562951,2260,1
MESH:C537770,57647,1
MESH:C567572,10381,1
MESH:C563721,727857,1
MESH:C564383,727857,1
MESH:C564008,10594,1
MESH:C537777,5345,1
MESH:D017825,443,1
MESH:D003554,1497,1
MESH:C535765,1497,1
MESH:C566969,10749,1
MESH:D012257,55065,1
MESH:C537656,5727,1
MESH:C537656,5921,1
MESH:C537656,6608,1
MESH:C537656,8643,1
MESH:C563415,83394,1
MESH:C536353,37,1
MESH:D016864,7157,1
MESH:C565973,7157,1
MESH:D020288,7157,1
MESH:C565972,7157,1
MESH:C567189,7157,1
MESH:C564547,116442,1
MESH:D017490,26154,1
MESH:D017490,7051,1
MESH:C535857,4626,1
MESH:C563845,4626,1
MESH:C536350,1890,1
MESH:C536350,50484,1
MESH:C536350,5428,1
MESH:D020275,5376,1
MESH:C536729,9487,1
MESH:C535576,2316,1
MESH:C536291,23495,1
MESH:D011030,201163,1
MESH:D058249,201163,1
MESH:C538355,201163,1
MESH:C563961,51168,1
MESH:C536781,8456,1
MESH:C563435,1411,1
MESH:D009771,3356,1
MESH:D009771,6532,1
MESH:C562803,26275,1
MESH:C563523,4763,1
MESH:C537393,4763,1
MESH:C537243,6041,1
MESH:C536317,55704,1
MESH:C536317,9326,1
MESH:D053546,3857,1
MESH:C564171,3857,1
MESH:C535374,3861,1
MESH:D062685,3872,1
MESH:C566925,3728,1
MESH:C537406,60681,1
MESH:C563534,3060,1
MESH:C567642,284119,1
MESH:C564161,65266,1
MESH:C567275,50964,1
MESH:C567260,92579,1
MESH:C567208,6521,1
MESH:C566911,6521,1
MESH:D018888,2896,1
MESH:D013915,3674,1
MESH:D038261,2670,1
MESH:C537240,4137,1
MESH:C567031,10481,1
MESH:C566293,1747,1
MESH:C536549,1747,1
MESH:D006958,1277,1
MESH:C537575,203068,1
MESH:C537202,87178,1
MESH:C567140,54903,1
MESH:C567906,23096,1
MESH:D050336,4591,1
MESH:C535540,9496,1
MESH:C563338,9496,1
MESH:C563801,83990,1
MESH:C567020,92335,1
MESH:C537505,2688,1
MESH:C567635,6329,1
MESH:D020513,6329,1
MESH:C566809,6329,1
MESH:C566437,11232,1
MESH:C564243,8787,1
MESH:C563898,8313,1
MESH:D056733,5573,1
MESH:C566504,3759,1
MESH:D055036,6662,1
MESH:C564282,6662,1
MESH:C567310,64446,1
MESH:C567362,9368,1
MESH:C535808,1678,1
MESH:C536716,283989,1
MESH:C537745,283989,1
MESH:C536662,51,1
MESH:C566431,768206,1
MESH:D020968,10801,1
MESH:D004819,11322,1
MESH:D006009,2548,1
MESH:C535443,6718,1
MESH:C535677,9775,1
MESH:D010916,79092,1
MESH:C565754,71,1
MESH:C536652,51181,1
MESH:C565217,79755,1
MESH:C563557,23347,1
MESH:C537839,9663,1
MESH:C564180,7050,1
MESH:C535910,63895,1
MESH:C564011,2627,1
MESH:C567101,5932,1
MESH:D002385,3060,1
MESH:C536623,284252,1
MESH:C567751,1825,1
MESH:C566471,1824,1
MESH:C566472,50940,1
MESH:C536162,1828,1
MESH:C565707,1829,1
MESH:D002349,7276,1
MESH:C567719,7276,1
MESH:C567782,7276,1
MESH:C566358,55034,1
MESH:C535566,57724,1
MESH:C567543,125336,1
MESH:C567484,10479,1
MESH:C537470,4645,1
MESH:C537403,6925,1
MESH:C535934,8647,1
MESH:C567354,8792,1
MESH:C564321,10194,1
MESH:C537411,10907,1
MESH:C536227,1991,1
MESH:C565027,1675,1
MESH:C535798,2879,1
MESH:C537622,2593,1
MESH:C537146,2767,1
MESH:C566611,126326,1
MESH:C566961,23396,1
MESH:C563671,84839,1
MESH:C563363,85300,1
MESH:C537203,1938,1
MESH:C536434,9361,1
MESH:C565169,718,1
MESH:D056731,3643,1
MESH:C566494,3643,1
MESH:D007849,10908,1
MESH:C567752,6813,1
MESH:C580162,1786,1
MESH:C537206,3708,1
MESH:C537180,112476,1
MESH:C567433,10908,1
MESH:C563669,9294,1
MESH:C564703,1785,1
MESH:C567643,6597,1
MESH:C564307,54,1
MESH:D008363,4125,1
MESH:C563681,10535,1
MESH:C536026,4784,1
MESH:C536890,773,1
MESH:C563405,773,1
MESH:C563929,54862,1
MESH:C537878,4854,1
MESH:C563990,5654,1
MESH:C563440,3718,1
MESH:C564766,6528,1
MESH:D019150,8398,1
MESH:D056732,5184,1
MESH:C565809,6324,1
MESH:C566557,57817,1
MESH:C536415,9380,1
MESH:D020512,6261,1
MESH:C567162,6261,1
MESH:C536883,6261,1
MESH:C567716,8425,1
MESH:C563039,1548,1
MESH:C563039,1559,1
MESH:C563039,79001,1
MESH:D003093,3569,1
MESH:D003093,64127,1
MESH:C535710,1629,1
MESH:C535710,593,1
MESH:C535710,594,1
MESH:C538001,478,1
MESH:C537975,2261,1
MESH:D009837,2064,1
MESH:D009837,3417,1
MESH:D009837,7157,1
MESH:C567089,348,1
MESH:D006952,26119,1
MESH:D006952,348,1
MESH:C536595,348,1
MESH:D012618,348,1
MESH:C562591,2068,1
MESH:C565184,2067,1
MESH:C535311,80207,1
MESH:C537147,1175,1
MESH:C538137,2512,1
MESH:C548080,2512,1
MESH:C566917,2997,1
MESH:C567753,4909,1
MESH:C563653,3816,1
MESH:C563991,26121,1
MESH:C567324,79042,1
MESH:C538397,7138,1
MESH:C535277,352909,1
MESH:C536594,351,1
MESH:C536594,4353,1
MESH:C536594,4846,1
MESH:C536594,5328,1
MESH:D028243,1471,1
MESH:C564577,56246,1
MESH:C567251,3588,1
MESH:C565382,29980,1
MESH:C567343,3753,1
MESH:C563324,861,1
MESH:C566024,2623,1
MESH:D028922,3141,1
MESH:C564874,54101,1
MESH:C538074,54101,1
MESH:D020194,1476,1
MESH:D016884,326,1
MESH:C564968,1292,1
MESH:C537425,10841,1
MESH:C565965,197,1
MESH:C565898,5116,1
MESH:D018860,51816,1
MESH:C565549,2811,1
MESH:C565549,2812,1
MESH:C565549,2815,1
MESH:C535909,91179,1
MESH:C562865,3053,1
MESH:C537943,9342,1
MESH:C548081,8216,1
MESH:C536641,6598,1
MESH:D018335,6598,1
MESH:C563737,6598,1
MESH:C567932,4281,1
MESH:C537736,23384,1
MESH:C563210,51733,1
MESH:C565725,1417,1
MESH:C563755,11200,1
MESH:C567529,7494,1
MESH:D016518,4771,1
MESH:C564275,5880,1
MESH:C548029,8398,1
MESH:C538235,158,1
MESH:C536631,4668,1
MESH:C563835,1565,1
MESH:C537841,1727,1
MESH:D006467,2157,1
MESH:C565403,410,1
MESH:C536801,85358,1
MESH:C564479,6473,1
MESH:C537267,6473,1
MESH:C567461,1438,1
MESH:C580533,415,1
MESH:D016114,412,1
MESH:C564567,8481,1
MESH:C564497,2187,1
MESH:C537380,8200,1
MESH:C535338,4810,1
MESH:C567579,5256,1
MESH:C563141,6197,1
MESH:C564723,23676,1
MESH:C536159,51360,1
MESH:C537451,1968,1
MESH:C535919,2705,1
MESH:C564563,170302,1
MESH:C567068,1536,1
MESH:C564438,6103,1
MESH:C567595,6103,1
MESH:D020163,5009,1
MESH:C567466,8573,1
MESH:C567533,2539,1
MESH:C567533,8573,1
MESH:C564428,4693,1
MESH:C567523,6102,1
MESH:C536942,8241,1
MESH:C535380,7317,1
MESH:C564076,5199,1
MESH:C537241,5199,1
MESH:C564075,5199,1
MESH:D005489,64840,1
MESH:D002806,10682,1
MESH:D014923,7454,1
MESH:C564052,7454,1
MESH:C564053,7454,1
MESH:C536761,212,1
MESH:C564050,2623,1
MESH:C566025,2623,1
MESH:C538212,1184,1
MESH:C545036,1184,1
MESH:C562901,1184,1
MESH:C564494,8242,1
MESH:C567476,10075,1
MESH:C537333,23133,1
MESH:C537651,3758,1
MESH:C536358,22,1
MESH:C536053,139285,1
MESH:C536708,81887,1
MESH:C567482,367,1
MESH:C537456,4983,1
MESH:C536456,1947,1
MESH:C567060,1896,1
MESH:C537340,2239,1
MESH:C537340,2719,1
MESH:C564048,6872,1
MESH:C564100,8823,1
MESH:C564506,538,1
MESH:C567067,5230,1
MESH:C536426,50945,1
MESH:C535559,50945,1
MESH:C567066,254065,1
MESH:C564476,79983,1
MESH:C537149,695,1
MESH:D000795,2717,1
MESH:C567062,2717,1
MESH:C567064,5631,1
MESH:C535388,5631,1
MESH:D009394,1287,1
MESH:C531731,1641,1
MESH:C567479,2892,1
MESH:D009800,4952,1
MESH:C567357,51305,1
MESH:C564472,9131,1
MESH:C536671,9131,1
MESH:C564478,90167,1
MESH:C538337,2239,1
MESH:C536575,84295,1
MESH:D007926,3251,1
MESH:C564535,3251,1
MESH:C567481,2273,1
MESH:C564544,2273,1
MESH:C537135,27316,1
MESH:D016532,3423,1
MESH:C567462,10046,1
MESH:C563134,492,1
MESH:C535598,6535,1
MESH:D000326,215,1
MESH:C536029,3897,1
MESH:C564115,3897,1
MESH:C564408,3897,1
MESH:C564491,554,1
MESH:C567442,4204,1
MESH:C536238,2652,1
MESH:C536238,5956,1
MESH:C536065,2316,1
MESH:C535532,2316,1
MESH:C564538,8517,1
MESH:D007184,8517,1
MESH:C567575,6736,1
MESH:C567703,4072,1
MESH:C566039,7048,1
MESH:C537250,5551,1
MESH:C567404,6812,1
MESH:C535407,18,1
MESH:C537264,26154,1
MESH:C566411,10878,1
MESH:C566411,3078,1
MESH:C566411,348,1
MESH:C566411,83872,1
MESH:C563906,10060,1
MESH:C537345,64241,1
MESH:C567203,26090,1
MESH:D018315,2064,1
MESH:D018315,3417,1
MESH:D018315,7157,1
MESH:C535434,38,1
MESH:C538195,11141,1
MESH:C537704,60,1
MESH:C537377,1134,1
MESH:C537377,1144,1
MESH:C537377,1146,1
MESH:C537377,5604,1
MESH:C537377,5781,1
MESH:C537377,673,1
MESH:C536138,4638,1
MESH:C538457,81,1
MESH:D009221,90,1
MESH:C562385,164656,1
MESH:C537133,26123,1
MESH:C535608,25939,1
MESH:C537205,10939,1
MESH:C565485,2998,1
MESH:C537608,8540,1
MESH:C562628,10516,1
MESH:C536865,6683,1
MESH:D016111,224,1
MESH:C538385,8659,1
MESH:D005633,229,1
MESH:C535745,79087,1
MESH:C535742,10195,1
MESH:D056769,7840,1
MESH:C536439,83959,1
MESH:C562440,249,1
MESH:C562647,249,1
MESH:C537217,57679,1
MESH:C566968,203859,1
MESH:C563120,196527,1
MESH:C535642,84168,1
MESH:C566331,26119,1
MESH:C566267,338,1
MESH:C564292,10564,1
MESH:C564474,23229,1
MESH:C562851,9927,1
MESH:C563110,170302,1
MESH:C563150,170302,1
MESH:C537128,80207,1
MESH:C563876,471,1
MESH:D010381,3930,1
MESH:C566500,6323,1
MESH:C562897,525,1
MESH:C563023,546,1
MESH:C566874,25814,1
MESH:C566153,11235,1
MESH:C566153,5290,1
MESH:C566153,83605,1
MESH:C566153,889,1
MESH:C536198,5351,1
MESH:C536862,2583,1
MESH:C535753,2683,1
MESH:C567360,29957,1
MESH:C537466,1349,1
MESH:C537466,3052,1
MESH:C537466,54539,1
MESH:C537934,617,1
MESH:C566146,146227,1
MESH:C564714,633,1
MESH:C537269,6885,1
MESH:C537915,8200,1
MESH:C563745,7155,1
MESH:C563443,2617,1
MESH:C567308,729,1
MESH:C535795,755,1
MESH:C536531,65250,1
MESH:C566601,785,1
MESH:C535503,1299,1
MESH:D020277,5376,1
MESH:C563824,925,1
MESH:C564143,1041,1
MESH:C562875,3075,1
MESH:C566527,1120,1
MESH:C563930,1137,1
MESH:C538152,150468,1
MESH:C538241,54757,1
MESH:C535756,9382,1
MESH:C535754,91949,1
MESH:C566987,84342,1
MESH:C536140,1302,1
MESH:C536017,1280,1
MESH:C537501,1280,1
MESH:C562476,1286,1
MESH:C537228,4010,1
MESH:C562638,1294,1
MESH:C562593,2073,1
MESH:C535501,1311,1
MESH:C566997,57514,1
MESH:D020165,1373,1
MESH:C567249,3420,1
MESH:C536990,9839,1
MESH:C565133,1420,1
MESH:C565822,9150,1
MESH:C562683,1497,1
MESH:C536411,5476,1
MESH:D010214,1075,1
MESH:C566438,1509,1
MESH:C567069,8450,1
MESH:C536697,7852,1
MESH:C535978,1584,1
MESH:C538237,1586,1
MESH:C536824,1545,1
MESH:C536824,4053,1
MESH:C536824,7010,1
MESH:D019294,1593,1
MESH:C535600,1621,1
MESH:C536742,80067,1
MESH:C537589,64421,1
MESH:C566822,1639,1
MESH:C564362,1639,1
MESH:C564722,1641,1
MESH:C564732,1643,1
MESH:C537437,1644,1
MESH:C564794,4921,1
MESH:C565752,1674,1
MESH:C566695,1674,1
MESH:C537093,8200,1
MESH:C562792,1758,1
MESH:C566589,10049,1
MESH:C563666,22845,1
MESH:C535743,8813,1
MESH:C567857,54344,1
MESH:C537195,3748,1
MESH:C536152,2706,1
MESH:C536183,5317,1
MESH:C564664,8291,1
MESH:C536739,9451,1
MESH:C562806,2542,1
MESH:C567861,2027,1
MESH:C562592,2072,1
MESH:C567628,11160,1
MESH:C565577,3998,1
MESH:C567475,92002,1
MESH:C566196,4920,1
MESH:C566614,355,1
MESH:C566614,356,1
MESH:C563160,2697,1
MESH:C562407,2255,1
MESH:C565195,2248,1
MESH:C566844,2261,1
MESH:C537394,2065,1
MESH:C564105,2332,1
MESH:C536826,2335,1
MESH:C535793,1280,1
MESH:C535793,2335,1
MESH:C567791,2348,1
MESH:C535538,2296,1
MESH:C537710,2303,1
MESH:C580192,50943,1
MESH:C567672,158326,1
MESH:C537853,90167,1
MESH:C564657,2395,1
MESH:C565811,2566,1
MESH:C537907,2625,1
MESH:C565553,2629,1
MESH:C563654,2677,1
MESH:C567564,2688,1
MESH:C567086,2034,1
MESH:D005902,10133,1
MESH:C566608,2700,1
MESH:C563659,2736,1
MESH:C562429,2737,1
MESH:C538136,10243,1
MESH:C538136,2741,1
MESH:D049290,2760,1
MESH:D011556,2778,1
MESH:C536961,3973,1
MESH:C562735,2778,1
MESH:C537863,4935,1
MESH:D018887,2903,1
MESH:C536835,2937,1
MESH:D017241,4512,1
MESH:D017241,4513,1
MESH:D017241,4514,1
MESH:D017241,4519,1
MESH:D017241,4535,1
MESH:D017241,4540,1
MESH:D017241,4541,1
MESH:C537476,50640,1
MESH:C566945,3030,1
MESH:D017359,4846,1
MESH:C563030,3039,1
MESH:C563030,3040,1
MESH:C563030,3043,1
MESH:C565834,3043,1
MESH:C563136,3054,1
MESH:C538317,9759,1
MESH:C538278,3209,1
MESH:C538153,3239,1
MESH:C537095,5139,1
MESH:C565193,3239,1
MESH:C562583,3251,1
MESH:C567084,3315,1
MESH:C565358,4297,1
MESH:C536181,8517,1
MESH:C566582,27130,1
MESH:C564352,51135,1
MESH:C563822,3575,1
MESH:C563822,5788,1
MESH:C566988,10265,1
MESH:C564127,3704,1
MESH:C564685,3708,1
MESH:C566432,3767,1
MESH:C538349,4703,1
MESH:C567441,9132,1
MESH:C563677,547,1
MESH:C537482,3798,1
MESH:C536081,8942,1
MESH:C536078,3897,1
MESH:C537032,3909,1
MESH:C563663,28956,1
MESH:C562600,3938,1
MESH:C537297,5649,1
MESH:C537297,64780,1
MESH:C537297,9211,1
MESH:C536710,8022,1
MESH:C535689,64327,1
MESH:C566092,64327,1
MESH:C536014,64327,1
MESH:C564832,23175,1
MESH:C536748,4041,1
MESH:C537004,10128,1
MESH:C536538,4054,1
MESH:C566222,668,1
MESH:C566764,23742,1
MESH:C566764,54551,1
MESH:C566764,7681,1
MESH:C566764,8924,1
MESH:C564542,8517,1
MESH:C566970,79840,1
MESH:C535505,4148,1
MESH:C562707,9095,1
MESH:C565386,84693,1
MESH:C567576,4204,1
MESH:C564063,4204,1
MESH:C567580,116442,1
MESH:C567580,1193,1
MESH:C563757,9927,1
MESH:C563989,256471,1
MESH:C565738,8195,1
MESH:C538159,8195,1
MESH:C564743,27249,1
MESH:C566574,4322,1
MESH:C567545,4322,1
MESH:C566762,3110,1
MESH:C565264,7841,1
MESH:C535417,4359,1
MESH:C565779,4361,1
MESH:C563456,2956,1
MESH:D055653,4292,1
MESH:D055653,4436,1
MESH:D008069,9927,1
MESH:C567683,4624,1
MESH:C563538,4625,1
MESH:C564253,4625,1
MESH:C535507,4627,1
MESH:C537303,79083,1
MESH:C563775,9499,1
MESH:C535523,56652,1
MESH:C537568,1678,1
MESH:C567411,4792,1
MESH:C536866,123606,1
MESH:C537586,4853,1
MESH:C562515,50814,1
MESH:C567862,23363,1
MESH:C562662,4157,1
MESH:C562662,4948,1
MESH:C557826,84876,1
MESH:C566441,5015,1
MESH:C537527,5019,1
MESH:C565220,64805,1
MESH:C536049,64175,1
MESH:D006211,80025,1
MESH:C565238,11315,1
MESH:C536453,5077,1
MESH:C564715,57526,1
MESH:C563825,5130,1
MESH:C537201,5173,1
MESH:C566568,5189,1
MESH:C566633,5193,1
MESH:C566625,5194,1
MESH:C566387,9409,1
MESH:C563964,5824,1
MESH:C566626,5194,1
MESH:C566405,8504,1
MESH:C563301,5190,1
MESH:C566634,5191,1
MESH:C536176,5224,1
MESH:C567859,5236,1
MESH:C537288,63895,1
MESH:C536142,5290,1
MESH:C566090,5307,1
MESH:C563399,401474,1
MESH:C563971,5395,1
MESH:C565850,10908,1
MESH:C566449,55163,1
MESH:C567313,11128,1
MESH:C567313,55703,1
MESH:C564921,5479,1
MESH:C565790,5521,1
MESH:C537948,5538,1
MESH:D011226,51422,1
MESH:C538262,5573,1
MESH:C537196,5582,1
MESH:C567430,8575,1
MESH:D034062,5621,1
MESH:D007562,3119,1
MESH:D007562,5621,1
MESH:D016098,5621,1
MESH:C563475,6335,1
MESH:C538334,5696,1
MESH:C536253,9051,1
MESH:C537115,9791,1
MESH:C535325,5805,1
MESH:C567855,5831,1
MESH:C567847,8604,1
MESH:C536028,25782,1
MESH:C537989,7879,1
MESH:C565210,65055,1
MESH:C567760,5972,1
MESH:C567437,91869,1
MESH:C563212,22934,1
MESH:C567253,6201,1
MESH:C538371,26277,1
MESH:C566473,54809,1
MESH:C537405,9343,1
MESH:C567350,23314,1
MESH:C567640,5054,1
MESH:D002636,6452,1
MESH:C563579,6496,1
MESH:C538376,6566,1
MESH:C537658,80704,1
MESH:C548016,55532,1
MESH:C567040,10559,1
MESH:C562594,2542,1
MESH:C562805,2542,1
MESH:C537249,30061,1
MESH:C564696,51151,1
MESH:C562799,113235,1
MESH:C535827,10058,1
MESH:C535827,6521,1
MESH:C563562,60482,1
MESH:C536629,50485,1
MESH:C537429,23347,1
MESH:D020391,2483,1
MESH:C536678,6611,1
MESH:C565324,6622,1
MESH:C538613,6658,1
MESH:C564712,6658,1
MESH:C537257,3431,1
MESH:C537179,116442,1
MESH:C564599,6687,1
MESH:C562657,6697,1
MESH:C538003,55145,1
MESH:C535830,6716,1
MESH:C537871,6777,1
MESH:C537252,8676,1
MESH:C565759,6890,1
MESH:C565759,6891,1
MESH:C565759,6892,1
MESH:C564616,6908,1
MESH:C535550,6913,1
MESH:C563195,8013,1
MESH:C563195,8148,1
MESH:C562769,7038,1
MESH:C566057,7056,1
MESH:C535847,8626,1
MESH:C535903,8626,1
MESH:C563206,7173,1
MESH:C565772,146057,1
MESH:C562441,57217,1
MESH:C537908,117581,1
MESH:C535557,117581,1
MESH:D003414,54658,1
MESH:C562692,54658,1
MESH:C537136,7372,1
MESH:C562794,7421,1
MESH:C564093,203547,1
MESH:C563359,11132,1
MESH:C563634,80326,1
MESH:C562584,7498,1
MESH:C564469,331,1
MESH:C567886,7508,1
MESH:C536420,26137,1
MESH:C563390,4094,1
MESH:C536703,55906,1
MESH:C536642,23503,1
MESH:C567583,7552,1
MESH:C563209,3373,1
MESH:C536479,131669,1
MESH:C537137,51057,1
MESH:C538209,9445,1
MESH:C566673,9217,1
MESH:C563895,9217,1
MESH:C537307,724066,1
MESH:C567195,84701,1
MESH:C536913,51079,1
MESH:C537757,116085,1
MESH:C567426,56606,1
MESH:C537883,5002,1
MESH:C564390,8048,1
MESH:C567877,1829,1
MESH:C563865,4633,1
MESH:C567733,91624,1
MESH:C563690,5350,1
MESH:C567725,282996,1
MESH:C566873,6331,1
MESH:C563384,6331,1
MESH:C567686,7134,1
MESH:C567654,7137,1
MESH:C566171,7139,1
MESH:C567507,7168,1
MESH:C565537,50846,1
MESH:C562567,3973,1
MESH:C567168,3973,1
MESH:C562719,29071,1
MESH:C567063,65109,1
MESH:C536836,2678,1
MESH:C564509,3476,1
MESH:C562818,79783,1
MESH:C563256,200576,1
MESH:C563923,7045,1
MESH:C565192,57104,1
MESH:C536273,6768,1
MESH:C564327,54345,1
MESH:C537150,6833,1
MESH:C536163,3848,1
MESH:C567770,54453,1
MESH:C535323,6208,1
MESH:C565231,4760,1
MESH:C538435,367,1
MESH:C565225,1056,1
MESH:C566924,4327,1
MESH:C566592,3891,1
MESH:C564315,8312,1
MESH:C564278,2192,1
MESH:C536321,55612,1
MESH:C535343,128866,1
MESH:C567680,1908,1
MESH:C536164,79651,1
MESH:C567842,6640,1
MESH:C564399,152137,1
MESH:C567771,4318,1
MESH:C536169,4507,1
MESH:D001171,144811,1
MESH:C567737,3273,1
MESH:C565726,5443,1
MESH:D001024,4091,1
MESH:D001471,115908,1
MESH:D001471,4481,1
MESH:D001471,51008,1
MESH:D002282,1326,1
MESH:D002282,1548,1
MESH:D002282,1956,1
MESH:D002282,2064,1
MESH:D002282,2074,1
MESH:D002282,356,1
MESH:D002282,3659,1
MESH:D002282,3845,1
MESH:D002282,5002,1
MESH:D002282,5071,1
MESH:D002282,5290,1
MESH:D002282,5519,1
MESH:D002282,673,1
MESH:D002282,841,1
MESH:D004416,673,1
MESH:D004416,6794,1
MESH:D005925,6392,1
MESH:D006053,10992,1
MESH:D006969,2206,1
MESH:D006969,3566,1
MESH:D006969,50615,1
MESH:D006969,7941,1
MESH:D007619,27019,1
MESH:D008945,6530,1
MESH:D009085,2588,1
MESH:D009085,2720,1
MESH:D009223,7555,1
MESH:D009449,6530,1
MESH:D010236,6392,1
MESH:D011038,64682,1
MESH:D011038,9401,1
MESH:D011547,2778,1
MESH:D011547,8675,1
MESH:D012174,10002,1
MESH:D012174,10210,1
MESH:D012174,10461,1
MESH:D012174,10594,1
MESH:D012174,123016,1
MESH:D012174,1258,1
MESH:D012174,1259,1
MESH:D012174,130557,1
MESH:D012174,1406,1
MESH:D012174,145226,1
MESH:D012174,157657,1
MESH:D012174,23020,1
MESH:D012174,23418,1
MESH:D012174,23746,1
MESH:D012174,24,1
MESH:D012174,24148,1
MESH:D012174,25794,1
MESH:D012174,26121,1
MESH:D012174,2979,1
MESH:D012174,3420,1
MESH:D012174,346007,1
MESH:D012174,3614,1
MESH:D012174,375298,1
MESH:D012174,388939,1
MESH:D012174,4117,1
MESH:D012174,4508,1
MESH:D012174,4514,1
MESH:D012174,4535,1
MESH:D012174,4536,1
MESH:D012174,4537,1
MESH:D012174,4538,1
MESH:D012174,4540,1
MESH:D012174,4541,1
MESH:D012174,4751,1
MESH:D012174,4901,1
MESH:D012174,50939,1
MESH:D012174,5145,1
MESH:D012174,5148,1
MESH:D012174,5158,1
MESH:D012174,55812,1
MESH:D012174,55857,1
MESH:D012174,55975,1
MESH:D012174,57709,1
MESH:D012174,5949,1
MESH:D012174,5961,1
MESH:D012174,5995,1
MESH:D012174,6010,1
MESH:D012174,6017,1
MESH:D012174,6094,1
MESH:D012174,6100,1
MESH:D012174,6101,1
MESH:D012174,6102,1
MESH:D012174,6103,1
MESH:D012174,6121,1
MESH:D012174,6295,1
MESH:D012174,64218,1
MESH:D012174,7287,1
MESH:D012174,7399,1
MESH:D012174,7401,1
MESH:D012174,7439,1
MESH:D012174,768206,1
MESH:D012174,79947,1
MESH:D012174,84100,1
MESH:D012174,84140,1
MESH:D012174,8842,1
MESH:D012174,9128,1
MESH:D012174,9129,1
MESH:D012174,9227,1
MESH:D013584,6757,1
MESH:D013851,155,1
MESH:D013851,181,1
MESH:D013851,5167,1
MESH:D013851,51738,1
MESH:D013851,5443,1
MESH:D013851,5468,1
MESH:D013851,7352,1
MESH:D013851,8431,1
MESH:D013851,9607,1
MESH:D013851,9672,1
MESH:D014582,3815,1
MESH:D015207,8200,1
MESH:D015776,3857,1
MESH:D016471,2492,1
MESH:D016574,121278,1
MESH:D016574,2289,1
MESH:D016574,3356,1
MESH:D017042,5053,1
MESH:D017042,5860,1
MESH:D018223,5155,1
MESH:D018234,79058,1
MESH:D018239,2261,1
MESH:D018239,3815,1
MESH:D018239,6794,1
MESH:D018239,8915,1
MESH:D018332,3265,1
MESH:D018332,4893,1
MESH:D018630,726,1
MESH:D019339,2776,1
MESH:D019896,5265,1
MESH:D020754,6310,1
MESH:D020754,6311,1
MESH:D020754,6314,1
MESH:D020754,6712,1
MESH:D020754,773,1
MESH:D031901,199713,1
MESH:D043204,3291,1
MESH:D046110,4846,1
MESH:D046350,5498,1
MESH:D050030,3759,1
MESH:D050090,6736,1
MESH:D053098,1184,1
MESH:D053098,5251,1
MESH:D053098,7421,1
MESH:D053306,57379,1
MESH:D053306,7374,1
MESH:D053306,958,1
MESH:D053358,1896,1
MESH:D053529,3851,1
MESH:D054514,220202,1
MESH:D054882,2263,1
MESH:D054882,5447,1
MESH:D054970,27235,1
MESH:D054990,6440,1
MESH:D054990,7015,1
MESH:D054990,727897,1
MESH:D054990,729238,1
MESH:D055534,367,1
MESH:D056266,2707,1
MESH:D056587,114548,1
MESH:D056734,3887,1
MESH:D056734,3889,1
MESH:D056734,3892,1
MESH:D058606,51422,1
MESH:D065627,659,1
MESH:D065631,3596,1
MESH:D065707,2018,1
MESH:D065707,6469,1
MESH:D065707,6496,1
MESH:D065708,1282,1
MESH:D000067877,6638,1
MESH:D000071075,6335,1
MESH:D000071700,1406,1
MESH:D000072660,83893,1
MESH:D000074270,2984,1
MESH:D000075222,118,1
MESH:D000075222,1577,1
MESH:D000075222,183,1
MESH:D000075222,185,1
MESH:D000075222,1889,1
MESH:D000075222,2784,1
MESH:D000075222,481,1
MESH:D000075222,4846,1
MESH:D000075222,5740,1
MESH:D000075222,8490,1
MESH:D000075262,190,1
MESH:D000075363,3981,1
MESH:D000075363,595,1
MESH:D000077192,1326,1
MESH:D000077192,1548,1
MESH:D000077192,1956,1
MESH:D000077192,2064,1
MESH:D000077192,2074,1
MESH:D000077192,356,1
MESH:D000077192,3659,1
MESH:D000077192,3845,1
MESH:D000077192,5002,1
MESH:D000077192,5071,1
MESH:D000077192,5290,1
MESH:D000077192,5519,1
MESH:D000077192,673,1
MESH:D000077192,841,1
MESH:D000077195,3621,1
MESH:D000077195,8795,1
MESH:D000077273,7080,1
MESH:D000077274,7157,1
MESH:D000077428,2624,1
MESH:D000080362,24,1
MESH:D000081003,134218,1
MESH:D000081003,51119,1
MESH:D000081003,6729,1
MESH:D000082862,4851,1
MESH:D000082882,4091,1
MESH:D000082882,4851,1
MESH:D000083143,2010,1
MESH:D000083143,2273,1
MESH:D000083144,4000,1
MESH:D000083242,2147,1
MESH:D000083242,2153,1
MESH:D000083242,241,1
MESH:D000083242,4846,1
MESH:D000083242,5583,1
MESH:D000086002,7490,1
MESH:D000086002,8915,1
MESH:D000090303,340665,1
MESH:D000094482,30817,1
MESH:D000094623,1281,1
MESH:C531651,5191,1
MESH:C531716,8517,1
MESH:C531763,6530,1
MESH:C535289,8626,1
MESH:C535322,26873,1
MESH:C535339,1969,1
MESH:C535344,5309,1
MESH:C535378,7169,1
MESH:C535385,54551,1
MESH:C535464,137814,1
MESH:C535464,1482,1
MESH:C535464,2627,1
MESH:C535464,6899,1
MESH:C535473,83959,1
MESH:C535476,7045,1
MESH:C535478,1296,1
MESH:C535520,6928,1
MESH:C535521,8842,1
MESH:C535522,112476,1
MESH:C535525,26503,1
MESH:C535530,3459,1
MESH:C535531,1299,1
MESH:C535531,1301,1
MESH:C535531,54829,1
MESH:C535531,7058,1
MESH:C535531,8483,1
MESH:C535535,2296,1
MESH:C535536,5308,1
MESH:C535544,57167,1
MESH:C535580,4000,1
MESH:C535586,78989,1
MESH:C535601,190,1
MESH:C535632,9968,1
MESH:C535648,8915,1
MESH:C535698,779,1
MESH:C535704,10584,1
MESH:C535734,2010,1
MESH:C535736,2260,1
MESH:C535738,6785,1
MESH:C535755,55343,1
MESH:C535764,2796,1
MESH:C535773,8905,1
MESH:C535784,3835,1
MESH:C535788,1280,1
MESH:C535789,9469,1
MESH:C535792,9321,1
MESH:C535800,5621,1
MESH:C535816,2776,1
MESH:C535845,3242,1
MESH:C535861,440275,1
MESH:C535943,124583,1
MESH:C536042,1277,1
MESH:C536042,1278,1
MESH:C536047,5176,1
MESH:C536059,8600,1
MESH:C536063,4041,1
MESH:C536087,3858,1
MESH:C536089,285489,1
MESH:C536090,1145,1
MESH:C536090,2673,1
MESH:C536105,9997,1
MESH:C536109,162417,1
MESH:C536113,5351,1
MESH:C536123,55733,1
MESH:C536137,4582,1
MESH:C536154,2707,1
MESH:C536155,1508,1
MESH:C536213,54658,1
MESH:C536214,23529,1
MESH:C536214,9244,1
MESH:C536255,5091,1
MESH:C536296,4867,1
MESH:C536307,9496,1
MESH:C536335,8792,1
MESH:C536341,3145,1
MESH:C536347,30817,1
MESH:C536372,26610,1
MESH:C536393,1311,1
MESH:C536405,26227,1
MESH:C536416,57679,1
MESH:C536450,9131,1
MESH:C536467,1910,1
MESH:C536476,6720,1
MESH:C536492,79955,1
MESH:C536492,84059,1
MESH:C536512,55270,1
MESH:C536512,7172,1
MESH:C536519,22852,1
MESH:C536545,1814,1
MESH:C536556,136647,1
MESH:C536596,348,1
MESH:C536596,5664,1
MESH:C536600,3000,1
MESH:C536611,1540,1
MESH:C536612,30817,1
MESH:C536632,26040,1
MESH:C536677,3769,1
MESH:C536707,11281,1
MESH:C536737,10815,1
MESH:C536737,1487,1
MESH:C536737,3954,1
MESH:C536737,53834,1
MESH:C536737,7468,1
MESH:C536764,9780,1
MESH:C536786,64421,1
MESH:C536816,10020,1
MESH:C536819,3265,1
MESH:C536819,4893,1
MESH:C536820,7227,1
MESH:C536839,2548,1
MESH:C536857,5354,1
MESH:C536859,25778,1
MESH:C536864,51062,1
MESH:C536875,50511,1
MESH:C536932,7043,1
MESH:C536973,200879,1
MESH:C537017,367,1
MESH:C537021,63901,1
MESH:C537021,6905,1
MESH:C537027,6770,1
MESH:C537048,1636,1
MESH:C537048,183,1
MESH:C537048,185,1
MESH:C537048,5972,1
MESH:C537062,10847,1
MESH:C537079,4261,1
MESH:C537079,5993,1
MESH:C537079,5994,1
MESH:C537079,8625,1
MESH:C537081,10436,1
MESH:C537119,6473,1
MESH:C537129,5631,1
MESH:C537139,94,1
MESH:C537189,7306,1
MESH:C537198,3752,1
MESH:C537200,339453,1
MESH:C537251,201294,1
MESH:C537263,151516,1
MESH:C537265,126410,1
MESH:C537271,55640,1
MESH:C537275,2632,1
MESH:C537304,7045,1
MESH:C537308,23064,1
MESH:C537310,55187,1
MESH:C537327,5295,1
MESH:C537328,6497,1
MESH:C537332,10020,1
MESH:C537352,1300,1
MESH:C537363,162,1
MESH:C537366,4758,1
MESH:C537373,9096,1
MESH:C537395,100996717,1
MESH:C537396,4508,1
MESH:C537418,10225,1
MESH:C537457,10075,1
MESH:C537457,546,1
MESH:C537464,54880,1
MESH:C537464,8260,1
MESH:C537492,1280,1
MESH:C537503,84868,1
MESH:C537528,150468,1
MESH:C537534,5932,1
MESH:C537557,10082,1
MESH:C537583,5428,1
MESH:C537583,56652,1
MESH:C537602,79659,1
MESH:C537620,4089,1
MESH:C537633,617,1
MESH:C537689,91147,1
MESH:C537690,157570,1
MESH:C537699,4867,1
MESH:C537711,3832,1
MESH:C537716,207,1
MESH:C537737,63895,1
MESH:C537738,5648,1
MESH:C537742,80326,1
MESH:C537761,10084,1
MESH:C537783,7048,1
MESH:C537844,2261,1
MESH:C537844,3815,1
MESH:C537844,6794,1
MESH:C537844,8915,1
MESH:C537881,7045,1
MESH:C537919,3972,1
MESH:C537944,351,1
MESH:C537990,4000,1
MESH:C537993,2617,1
MESH:C538004,10382,1
MESH:C538057,30011,1
MESH:C538089,2316,1
MESH:C538116,4838,1
MESH:C538116,7547,1
MESH:C538118,23385,1
MESH:C538124,60681,1
MESH:C538133,3939,1
MESH:C538162,7490,1
MESH:C538192,7046,1
MESH:C538236,3284,1
MESH:C538243,265,1
MESH:C538258,546,1
MESH:C538265,324,1
MESH:C538275,326,1
MESH:C538320,3034,1
MESH:C538331,3861,1
MESH:C538336,4810,1
MESH:C538343,246329,1
MESH:C538344,4358,1
MESH:C538351,7169,1
MESH:C538353,6329,1
MESH:C538356,2132,1
MESH:C538387,23384,1
MESH:C538400,7136,1
MESH:C538402,175,1
MESH:C538424,26154,1
MESH:C538427,1822,1
MESH:C538442,6125,1
MESH:C538461,2006,1
MESH:C538539,3257,1
MESH:C538556,8029,1
MESH:C538564,5896,1
MESH:C538564,5897,1
MESH:C538564,64421,1
MESH:C538590,10128,1
MESH:C538590,1737,1
MESH:C538590,1738,1
MESH:C538590,5091,1
MESH:C538590,5160,1
MESH:C538590,5162,1
MESH:C538590,6329,1
MESH:C538590,8050,1
MESH:C538655,2538,1
MESH:C538682,3868,1
MESH:C539595,54332,1
MESH:C542540,3752,1
MESH:C548076,2778,1
MESH:C548082,6654,1
MESH:C557827,6786,1
MESH:C562378,5314,1
MESH:C562393,673,1
MESH:C562393,6794,1
MESH:C562398,6473,1
MESH:C562405,10568,1
MESH:C562463,3845,1
MESH:C562463,4089,1
MESH:C562463,6794,1
MESH:C562463,7157,1
MESH:C562463,91,1
MESH:C562472,2261,1
MESH:C562472,3815,1
MESH:C562472,6794,1
MESH:C562472,8915,1
MESH:C562478,695,1
MESH:C562479,24,1
MESH:C562503,5396,1
MESH:C562580,3875,1
MESH:C562581,1591,1
MESH:C562587,4860,1
MESH:C562590,2071,1
MESH:C562601,4175,1
MESH:C562602,6523,1
MESH:C562603,11181,1
MESH:C562609,5660,1
MESH:C562632,23545,1
MESH:C562639,1308,1
MESH:C562639,3914,1
MESH:C562645,53,1
MESH:C562649,5651,1
MESH:C562656,2643,1
MESH:C562664,778,1
MESH:C562672,2731,1
MESH:C562672,275,1
MESH:C562678,31,1
MESH:C562680,1491,1
MESH:C562688,1594,1
MESH:C562709,3643,1
MESH:C562716,3043,1
MESH:C562716,3047,1
MESH:C562716,3048,1
MESH:C562717,6005,1
MESH:C562721,9948,1
MESH:C562725,3818,1
MESH:C562730,115908,1
MESH:C562730,4481,1
MESH:C562730,51008,1
MESH:C562732,23405,1
MESH:C562768,1493,1
MESH:C562770,389434,1
MESH:C562785,10011,1
MESH:C562785,1848,1
MESH:C562785,2796,1
MESH:C562785,2798,1
MESH:C562785,285025,1
MESH:C562785,389549,1
MESH:C562785,55717,1
MESH:C562785,558,1
MESH:C562785,81848,1
MESH:C562785,8822,1
MESH:C562785,9723,1
MESH:C562790,55811,1
MESH:C562801,549,1
MESH:C562812,788,1
MESH:C562815,1807,1
MESH:C562840,11200,1
MESH:C562840,207,1
MESH:C562840,2099,1
MESH:C562840,3161,1
MESH:C562840,3845,1
MESH:C562840,472,1
MESH:C562840,4835,1
MESH:C562840,5002,1
MESH:C562840,5245,1
MESH:C562840,5290,1
MESH:C562840,5728,1
MESH:C562840,580,1
MESH:C562840,5888,1
MESH:C562840,5889,1
MESH:C562840,5892,1
MESH:C562840,672,1
MESH:C562840,675,1
MESH:C562840,6794,1
MESH:C562840,7157,1
MESH:C562840,7517,1
MESH:C562840,79728,1
MESH:C562840,83990,1
MESH:C562840,841,1
MESH:C562840,8438,1
MESH:C562840,8493,1
MESH:C562840,9821,1
MESH:C562840,999,1
MESH:C562864,4353,1
MESH:C562873,1053,1
MESH:C562876,1369,1
MESH:C562884,6654,1
MESH:C562907,8323,1
MESH:C562942,4851,1
MESH:C562963,59341,1
MESH:C562978,5159,1
MESH:C563003,4137,1
MESH:C563003,5663,1
MESH:C563004,6708,1
MESH:C563009,153201,1
MESH:C563010,1441,1
MESH:C563013,2153,1
MESH:C563013,3717,1
MESH:C563016,9119,1
MESH:C563028,3921,1
MESH:C563032,871,1
MESH:C563034,3075,1
MESH:C563137,24140,1
MESH:C563139,4204,1
MESH:C563146,5063,1
MESH:C563148,11141,1
MESH:C563151,5063,1
MESH:C563156,4128,1
MESH:C563168,2130,1
MESH:C563181,1385,1
MESH:C563192,1294,1
MESH:C563207,6888,1
MESH:C563218,59341,1
MESH:C563236,2261,1
MESH:C563236,3815,1
MESH:C563236,6794,1
MESH:C563236,8915,1
MESH:C563241,114798,1
MESH:C563241,3067,1
MESH:C563250,5324,1
MESH:C563261,8516,1
MESH:C563273,79577,1
MESH:C563293,444,1
MESH:C563294,1415,1
MESH:C563306,7139,1
MESH:C563307,11155,1
MESH:C563319,1674,1
MESH:C563322,346171,1
MESH:C563326,1493,1
MESH:C563353,4647,1
MESH:C563354,2070,1
MESH:C563392,2903,1
MESH:C563395,64699,1
MESH:C563396,9381,1
MESH:C563398,9381,1
MESH:C563400,64072,1
MESH:C563400,65217,1
MESH:C563414,4212,1
MESH:C563417,117531,1
MESH:C563421,493856,1
MESH:C563421,7466,1
MESH:C563422,3848,1
MESH:C563423,5122,1
MESH:C563436,51422,1
MESH:C563460,79784,1
MESH:C563468,652,1
MESH:C563477,10861,1
MESH:C563484,23592,1
MESH:C563508,29967,1
MESH:C563545,3736,1
MESH:C563560,1778,1
MESH:C563564,5728,1
MESH:C563565,5728,1
MESH:C563597,72,1
MESH:C563614,144245,1
MESH:C563614,3757,1
MESH:C563655,22873,1
MESH:C563672,6833,1
MESH:C563674,84839,1
MESH:C563676,23020,1
MESH:C563682,10907,1
MESH:C563700,83552,1
MESH:C563724,219736,1
MESH:C563753,1200,1
MESH:C563781,3858,1
MESH:C563787,4233,1
MESH:C563788,6935,1
MESH:C563789,6663,1
MESH:C563816,668,1
MESH:C563817,3784,1
MESH:C563819,1421,1
MESH:C563834,10347,1
MESH:C563844,9215,1
MESH:C563854,7273,1
MESH:C563855,57165,1
MESH:C563866,4634,1
MESH:C563869,4148,1
MESH:C563871,259266,1
MESH:C563948,6606,1
MESH:C563965,5824,1
MESH:C563966,4137,1
MESH:C563966,5663,1
MESH:C563969,3845,1
MESH:C564013,55687,1
MESH:C564030,140032,1
MESH:C564030,1617,1
MESH:C564030,442862,1
MESH:C564030,57054,1
MESH:C564030,57055,1
MESH:C564030,5940,1
MESH:C564030,8284,1
MESH:C564030,8287,1
MESH:C564030,8653,1
MESH:C564030,86614,1
MESH:C564030,9081,1
MESH:C564030,9083,1
MESH:C564030,9084,1
MESH:C564030,9085,1
MESH:C564030,9426,1
MESH:C564038,7504,1
MESH:C564071,5160,1
MESH:C564109,1109,1
MESH:C564109,1646,1
MESH:C564151,846,1
MESH:C564160,26249,1
MESH:C564160,65125,1
MESH:C564160,65266,1
MESH:C564160,8452,1
MESH:C564163,4254,1
MESH:C564165,79577,1
MESH:C564200,3162,1
MESH:C564215,3029,1
MESH:C564219,2645,1
MESH:C564219,3767,1
MESH:C564230,2064,1
MESH:C564230,3417,1
MESH:C564230,7157,1
MESH:C564237,4627,1
MESH:C564247,55835,1
MESH:C564248,6495,1
MESH:C564249,375298,1
MESH:C564256,54332,1
MESH:C564276,6690,1
MESH:C564286,7780,1
MESH:C564288,6513,1
MESH:C564312,147409,1
MESH:C564313,56910,1
MESH:C564325,54332,1
MESH:C564325,56704,1
MESH:C564326,8642,1
MESH:C564331,4646,1
MESH:C564333,4359,1
MESH:C564334,3549,1
MESH:C564366,6609,1
MESH:C564391,6017,1
MESH:C564392,6017,1
MESH:C564421,5256,1
MESH:C564427,2245,1
MESH:C564439,6103,1
MESH:C564463,265,1
MESH:C564467,27286,1
MESH:C564470,8905,1
MESH:C564485,5255,1
MESH:C564489,23096,1
MESH:C564492,2316,1
MESH:C564498,1730,1
MESH:C564507,778,1
MESH:C564520,6103,1
MESH:C564522,2182,1
MESH:C564539,7454,1
MESH:C564551,9130,1
MESH:C564554,2316,1
MESH:C564560,3028,1
MESH:C564566,7102,1
MESH:C564583,2475,1
MESH:C564583,7248,1
MESH:C564583,7249,1
MESH:C564597,64218,1
MESH:C564603,80025,1
MESH:C564612,79147,1
MESH:C564634,9750,1
MESH:C564640,261734,1
MESH:C564641,3162,1
MESH:C564641,4312,1
MESH:C564643,124590,1
MESH:C564645,7299,1
MESH:C564648,63916,1
MESH:C564650,6390,1
MESH:C564650,6391,1
MESH:C564650,6392,1
MESH:C564678,5621,1
MESH:C564691,79147,1
MESH:C564694,3981,1
MESH:C564704,1785,1
MESH:C564713,6853,1
MESH:C564724,4204,1
MESH:C564725,2316,1
MESH:C564736,3988,1
MESH:C564753,10083,1
MESH:C564755,10083,1
MESH:C564755,124590,1
MESH:C564755,4647,1
MESH:C564755,64072,1
MESH:C564755,65217,1
MESH:C564765,7252,1
MESH:C564783,3073,1
MESH:C564785,3073,1
MESH:C564786,3073,1
MESH:C564811,9420,1
MESH:C564817,3480,1
MESH:C564829,50484,1
MESH:C564871,5241,1
MESH:C564881,79796,1
MESH:C564890,5106,1
MESH:C564893,8288,1
MESH:C564941,4864,1
MESH:C564953,5538,1
MESH:C564970,4625,1
MESH:C564992,7078,1
MESH:C565010,56916,1
MESH:C565016,23461,1
MESH:C565020,2495,1
MESH:C565054,5159,1
MESH:C565058,6708,1
MESH:C565061,1278,1
MESH:C565070,8626,1
MESH:C565077,2629,1
MESH:C565077,6620,1
MESH:C565077,6622,1
MESH:C565078,2629,1
MESH:C565078,6620,1
MESH:C565078,6622,1
MESH:C565088,2202,1
MESH:C565097,4604,1
MESH:C565097,7169,1
MESH:C565131,1421,1
MESH:C565134,1410,1
MESH:C565136,1409,1
MESH:C565143,3119,1
MESH:C565143,5621,1
MESH:C565145,56172,1
MESH:C565165,735,1
MESH:C565167,720,1
MESH:C565176,1296,1
MESH:C565185,2068,1
MESH:C565196,3075,1
MESH:C565200,10491,1
MESH:C565296,112476,1
MESH:C565311,4620,1
MESH:C565341,64699,1
MESH:C565365,686,1
MESH:C565370,219285,1
MESH:C565372,4337,1
MESH:C565380,4683,1
MESH:C565384,79648,1
MESH:C565387,84693,1
MESH:C565398,10283,1
MESH:C565439,4056,1
MESH:C565462,60,1
MESH:C565473,242,1
MESH:C565473,59344,1
MESH:C565473,7051,1
MESH:C565531,4688,1
MESH:C565535,10525,1
MESH:C565539,2632,1
MESH:C565540,2632,1
MESH:C565542,2632,1
MESH:C565543,2632,1
MESH:C565544,2632,1
MESH:C565554,2629,1
MESH:C565555,2629,1
MESH:C565556,2629,1
MESH:C565561,2395,1
MESH:C565572,2175,1
MESH:C565573,2175,1
MESH:C565603,5818,1
MESH:C565607,80326,1
MESH:C565633,220202,1
MESH:C565652,11136,1
MESH:C565652,6519,1
MESH:C565655,1497,1
MESH:C565698,494513,1
MESH:C565708,80184,1
MESH:C565735,60,1
MESH:C565739,30009,1
MESH:C565739,5732,1
MESH:C565746,55755,1
MESH:C565749,126410,1
MESH:C565761,81846,1
MESH:C565768,23600,1
MESH:C565777,27030,1
MESH:C565780,27031,1
MESH:C565792,57082,1
MESH:C565798,3569,1
MESH:C565798,4282,1
MESH:C565799,8626,1
MESH:C565810,6323,1
MESH:C565821,1837,1
MESH:C565824,7273,1
MESH:C565826,4014,1
MESH:C565827,24,1
MESH:C565833,843,1
MESH:C565840,6331,1
MESH:C565862,54499,1
MESH:C565904,64902,1
MESH:C565924,55806,1
MESH:C565942,81031,1
MESH:C565974,4158,1
MESH:C566005,4624,1
MESH:C566005,4625,1
MESH:C566005,85366,1
MESH:C566005,859,1
MESH:C566023,2623,1
MESH:C566044,7273,1
MESH:C566051,6899,1
MESH:C566056,2153,1
MESH:C566060,8328,1
MESH:C566089,9241,1
MESH:C566132,3875,1
MESH:C566147,6261,1
MESH:C566162,1421,1
MESH:C566168,7137,1
MESH:C566170,7168,1
MESH:C566173,1066,1
MESH:C566178,11200,1
MESH:C566178,207,1
MESH:C566178,2099,1
MESH:C566178,3161,1
MESH:C566178,3845,1
MESH:C566178,472,1
MESH:C566178,4835,1
MESH:C566178,5002,1
MESH:C566178,5245,1
MESH:C566178,5290,1
MESH:C566178,5728,1
MESH:C566178,580,1
MESH:C566178,5888,1
MESH:C566178,5889,1
MESH:C566178,5892,1
MESH:C566178,672,1
MESH:C566178,675,1
MESH:C566178,6794,1
MESH:C566178,7157,1
MESH:C566178,7517,1
MESH:C566178,79728,1
MESH:C566178,83990,1
MESH:C566178,841,1
MESH:C566178,8438,1
MESH:C566178,8493,1
MESH:C566178,9821,1
MESH:C566178,999,1
MESH:C566187,3848,1
MESH:C566194,3239,1
MESH:C566231,6521,1
MESH:C566255,7043,1
MESH:C566260,348,1
MESH:C566261,348,1
MESH:C566262,348,1
MESH:C566263,348,1
MESH:C566264,348,1
MESH:C566265,348,1
MESH:C566270,345,1
MESH:C566275,930,1
MESH:C566285,9493,1
MESH:C566288,203228,1
MESH:C566299,351,1
MESH:C566299,4353,1
MESH:C566299,4846,1
MESH:C566299,5328,1
MESH:C566314,2623,1
MESH:C566327,2263,1
MESH:C566333,9992,1
MESH:C566343,7273,1
MESH:C566353,7007,1
MESH:C566366,2299,1
MESH:C566366,3766,1
MESH:C566366,5172,1
MESH:C566373,1009,1
MESH:C566383,136371,1
MESH:C566388,9409,1
MESH:C566406,8504,1
MESH:C566440,652,1
MESH:C566446,338917,1
MESH:C566453,1302,1
MESH:C566474,6010,1
MESH:C566492,4173,1
MESH:C566523,65992,1
MESH:C566541,610,1
MESH:C566559,79718,1
MESH:C566569,5189,1
MESH:C566580,10083,1
MESH:C566586,65217,1
MESH:C566599,8557,1
MESH:C566613,355,1
MESH:C566613,356,1
MESH:C566615,355,1
MESH:C566615,356,1
MESH:C566617,729359,1
MESH:C566618,26227,1
MESH:C566635,5191,1
MESH:C566636,5728,1
MESH:C566640,7941,1
MESH:C566643,2068,1
MESH:C566648,4522,1
MESH:C566648,4524,1
MESH:C566648,4548,1
MESH:C566648,4552,1
MESH:C566650,2296,1
MESH:C566703,3321,1
MESH:C566717,220202,1
MESH:C566737,79776,1
MESH:C566744,368,1
MESH:C566750,590,1
MESH:C566766,3753,1
MESH:C566775,324,1
MESH:C566783,2737,1
MESH:C566792,5310,1
MESH:C566813,4001,1
MESH:C566837,1080,1
MESH:C566837,11330,1
MESH:C566837,5644,1
MESH:C566837,5645,1
MESH:C566837,6690,1
MESH:C566852,7849,1
MESH:C566858,3875,1
MESH:C566862,2657,1
MESH:C566864,2657,1
MESH:C566870,2591,1
MESH:C566876,4204,1
MESH:C566877,4204,1
MESH:C566892,178,1
MESH:C566893,2720,1
MESH:C566899,6469,1
MESH:C566907,2218,1
MESH:C566912,2218,1
MESH:C566915,23322,1
MESH:C566933,1186,1
MESH:C566934,866,1
MESH:C566936,64241,1
MESH:C566950,10161,1
MESH:C566958,718,1
MESH:C566975,2566,1
MESH:C566981,3119,1
MESH:C566981,5621,1
MESH:C566994,4487,1
MESH:C566995,4487,1
MESH:C567002,2554,1
MESH:C567003,80184,1
MESH:C567004,80184,1
MESH:C567005,10002,1
MESH:C567021,55054,1
MESH:C567023,57449,1
MESH:C567024,83552,1
MESH:C567027,5962,1
MESH:C567042,387733,1
MESH:C567061,2071,1
MESH:C567080,1548,1
MESH:C567080,1559,1
MESH:C567080,79001,1
MESH:C567091,434,1
MESH:C567099,79158,1
MESH:C567100,79158,1
MESH:C567116,3827,1
MESH:C567146,9622,1
MESH:C567147,10117,1
MESH:C567156,7046,1
MESH:C567159,286,1
MESH:C567163,5624,1
MESH:C567164,5624,1
MESH:C567187,7439,1
MESH:C567198,6491,1
MESH:C567206,8842,1
MESH:C567213,10804,1
MESH:C567244,9896,1
MESH:C567267,6609,1
MESH:C567272,1294,1
MESH:C567276,1548,1
MESH:C567276,1559,1
MESH:C567276,79001,1
MESH:C567277,2706,1
MESH:C567284,1234,1
MESH:C567302,6223,1
MESH:C567311,79152,1
MESH:C567328,79644,1
MESH:C567346,10472,1
MESH:C567351,344018,1
MESH:C567353,5624,1
MESH:C567364,57545,1
MESH:C567378,149233,1
MESH:C567383,3663,1
MESH:C567390,3329,1
MESH:C567400,4878,1
MESH:C567407,88,1
MESH:C567422,8842,1
MESH:C567429,23435,1
MESH:C567439,1139,1
MESH:C567439,51621,1
MESH:C567443,412,1
MESH:C567450,1471,1
MESH:C567464,212,1
MESH:C567485,6658,1
MESH:C567489,6708,1
MESH:C567491,1636,1
MESH:C567491,183,1
MESH:C567491,185,1
MESH:C567491,5972,1
MESH:C567505,7137,1
MESH:C567506,7134,1
MESH:C567510,23301,1
MESH:C567517,54361,1
MESH:C567528,54968,1
MESH:C567552,9060,1
MESH:C567556,6324,1
MESH:C567561,70,1
MESH:C567574,6736,1
MESH:C567578,2316,1
MESH:C567582,8481,1
MESH:C567602,5191,1
MESH:C567602,5264,1
MESH:C567603,5191,1
MESH:C567644,51025,1
MESH:C567677,83959,1
MESH:C567678,6925,1
MESH:C567679,6663,1
MESH:C567681,7414,1
MESH:C567684,4624,1
MESH:C567685,4072,1
MESH:C567691,2162,1
MESH:C567710,170691,1
MESH:C567718,120766137,1
MESH:C567738,54463,1
MESH:C567738,547,1
MESH:C567738,6335,1
MESH:C567738,65125,1
MESH:C567743,3785,1
MESH:C567757,392255,1
MESH:C567772,6340,1
MESH:C567789,5727,1
MESH:C567789,5921,1
MESH:C567789,6608,1
MESH:C567789,8643,1
MESH:C567813,6337,1
MESH:C567820,6323,1
MESH:C567831,23345,1
MESH:C567841,1804,1
MESH:C567843,9531,1
MESH:C567844,8398,1
MESH:C567851,6331,1
MESH:C567914,3857,1
MESH:C567924,170302,1
MESH:C567934,7068,1
MESH:C572568,3426,1
MESH:C579991,25978,1
MESH:C580003,5626,1
MESH:C580095,176,1
MESH:C580241,2317,1
MESH:C585640,5293,1
MESH:C000591739,1588,1
MESH:C000596385,26504,1
MESH:C000600608,113189,1
MESH:C000603735,7252,1
MESH:C000610012,7252,1
MESH:C000623088,85365,1
MESH:C000626124,55768,1
MESH:C000631847,1277,1
MESH:C000631847,1278,1
MESH:C000705207,415,1
MESH:C000721294,2710,1
MESH:C000721467,7317,1
MESH:C000723487,51816,1
