D_id,G_id,P_id,relation
MESH:C538212,1184,10191359,ClC-5 implicated in Dent's disease
MESH:C538212,1184,10191359,ClC-5 mutations of Dent's disease
MESH:C538212,1184,10191359,Loss of function mutations of ClC-5 have been implicated in Dent's disease
MESH:C538212,1184,10469281,Arg648Stop is a mutation in Dent's disease
MESH:C538212,1184,10469281,Arg648Stop is a nonsense mutation associated with Dent's disease
MESH:C538212,1184,10469281,Arg648Stop is associated with Dent's disease
MESH:C538212,1184,10469281,Arg648Stop is one of the mutations found in patients with Dent's disease
MESH:C538212,1184,10469281,CLCN5 encodes a protein associated with Dent's disease
MESH:C538212,1184,10469281,CLCN5 mutations in Dent's disease
MESH:C538212,1184,10620204,CLCN5 chloride channel gene Dent's disease
MESH:C538212,1184,10620204,CLCN5 mutation Dent's disease
MESH:C538212,1184,10620205,CLCN5 associated with Dent's disease
MESH:C538212,1184,10620205,CLCN5 found in Dent's disease
MESH:C538212,1184,10620205,CLCN5 mutation Dent's disease
MESH:C538212,1184,10620205,CLCN5 mutation associated with Dent's disease
MESH:C538212,1184,10620205,CLCN5 mutation causes Dent's disease
MESH:C538212,1184,10906159,A to T transversion at codon 601 were associated with Dent's disease
MESH:C538212,1184,10906159,A to T transversion at codon 601 were identified in patients with Dent's disease
MESH:C538212,1184,10906159,CLCN5 encodes CLC-5 associated with Dent's disease
MESH:C538212,1184,10906159,CLCN5 gene Dent's disease
MESH:C538212,1184,10906159,CLCN5 is associated with Dent's disease
MESH:C538212,1184,10906159,CLCN5 is responsible for Dent's disease
MESH:C538212,1184,10906159,CLCN5 mutates causing Dent's disease
MESH:C538212,1184,10906159,CLCN5 mutations Dent's disease
MESH:C538212,1184,10906159,CLCN5 mutations are associated with Dent's disease
MESH:C538212,1184,10906159,CLCN5 mutations lead to Dent's disease
MESH:C538212,1184,10906159,CLCN5 mutations result in Dent's disease
MESH:C538212,1184,12187318,CLC-5 contributes to the pathogenesis of Dent's disease
MESH:C538212,1184,12187318,CLC-5 defective Dent's disease
MESH:C538212,1184,12187318,CLC-5 deficiency leads to Dent's disease
MESH:C538212,1184,12187318,CLC-5 important contribution Dent's disease
MESH:C538212,1184,12187318,CLC-5 is involved in the pathogenesis of Dent's disease
MESH:C538212,1184,12187318,CLC-5 is mentioned in Dent's disease
MESH:C538212,1184,12187318,CLC-5 knockout Dent's disease
MESH:C538212,1184,12444212,CLCN5 has inactivating mutations of Dent's disease
MESH:C538212,1184,12631358,hCLC-5 channel is affected in Dent's disease
MESH:C538212,1184,12631358,hCLC-5 is associated with Dent's disease
MESH:C538212,1184,12631358,hCLC-5 is responsible for Dent's disease
MESH:C538212,1184,12631358,hCLC-5 is the X-linked renal-specific chloride channel associated with Dent's disease
MESH:C538212,1184,12631358,hCLC-5 mutations are due to Dent's disease
MESH:C538212,1184,12631358,hCLC-5 mutations cause Dent's disease
MESH:C538212,1184,12631358,hCLC-5 mutations characterize Dent's disease
MESH:C538212,1184,12631358,hCLC-5 mutations in result in Dent's disease
MESH:C538212,1184,12631358,hCLC-5 mutations lead to Dent's disease
MESH:C538212,1184,12637640,65insT co-segregates with Dent's disease
MESH:C538212,1184,12637640,65insT was shown to co-segregate with Dent's disease
MESH:C538212,1184,12637640,Arg718Stop co-segregates with Dent's disease
MESH:C538212,1184,12637640,Arg718Stop is found in patients with Dent's disease
MESH:C538212,1184,12637640,Leu433Stop co-segregates with Dent's disease
MESH:C538212,1184,12637640,Leu433Stop co-segregates with Dent's disease in a family
MESH:C538212,1184,12637640,Leu433Stop was identified in Spanish patients with Dent's disease
MESH:C538212,1184,12904289,ClC-5 has a relationship with Dent's disease
MESH:C538212,1184,12904289,ClC-5 has been shown to be essential for protein uptake in patients with Dent's disease
MESH:C538212,1184,12904289,ClC-5 is found in patients with Dent's disease
MESH:C538212,1184,12904289,ClC-5 knockout mice have evidence from patients with Dent's disease
MESH:C538212,1184,12904289,ClC-5 study evidence from patients with Dent's disease
MESH:C538212,1184,14521953,CLC-5 mutations disrupting lead to Dent's disease
MESH:C538212,1184,14569156,ClC-5 abnormal functions result in Dent's disease
MESH:C538212,1184,14673707,CLCN5 mutations in Dent's disease
MESH:C538212,1184,14673707,IVS2-17 T>G detected in Dent's disease
MESH:C538212,1184,14673707,IVS2-17 T>G is associated with Dent's disease
MESH:C538212,1184,14673707,IVS2-17 T>G leads to Dent's disease
MESH:C538212,1184,14675051,ClC-5 causes Dent's disease
MESH:C538212,1184,14675051,ClC-5 expression impacts severity of Dent's disease
MESH:C538212,1184,14675051,ClC-5 is associated with Dent's disease
MESH:C538212,1184,14675051,ClC-5 is involved in Dent's disease
MESH:C538212,1184,14675051,ClC-5 is responsible for Dent's disease
MESH:C538212,1184,14675051,ClC-5 leads to Dent's disease
MESH:C538212,1184,14675051,ClC-5 mutation leads to Dent's disease
MESH:C538212,1184,14675051,ClC-5 related to Dent's disease
MESH:C538212,1184,14732909,CLCN5 causes Dent's disease
MESH:C538212,1184,14732909,CLCN5 is caused by mutations of Dent's disease
MESH:C538212,1184,15086899,CLCN5 gene linked to Dent's disease
MESH:C538212,1184,15086899,CLCN5 gene mutated in some patients with Dent's disease
MESH:C538212,1184,15086899,CLCN5 inactivating mutations in cause Dent's disease
MESH:C538212,1184,15086899,CLCN5 mutations are consistently associated with Dent's disease
MESH:C538212,1184,15086899,CLCN5 mutations found in 19 patients with Dent's disease
MESH:C538212,1184,15086899,CLCN5 mutations in are associated with Dent's disease
MESH:C538212,1184,15086899,CLCN5 mutations in are linked to Dent's disease
MESH:C538212,1184,15086899,CLCN5 mutations in cause Dent's disease
MESH:C538212,1184,15086899,CLCN5 mutations in lead to Dent's disease
MESH:C538212,1184,15125028,CLCN5 inactivation Dent's disease
MESH:C538212,1184,15125028,CLCN5 linked to Dent's disease
MESH:C538212,1184,15125028,CLCN5 mutation Dent's disease
MESH:C538212,1184,15125028,CLCN5 mutations consisted of Dent's disease
MESH:C538212,1184,15125028,CLCN5 mutations exhibited in Dent's disease
MESH:C538212,1184,15125028,G506R correlates with Dent's disease
MESH:C538212,1184,15125028,G506R exhibited in 3 families with Dent's disease
MESH:C538212,1184,15125028,G506R is a mutation that caused Dent's disease
MESH:C538212,1184,15125028,G506R is associated with Dent's disease
MESH:C538212,1184,15125028,G506R was exhibited in Dent's disease
MESH:C538212,1184,15125028,R28X causes Dent's disease
MESH:C538212,1184,15125028,R28X is associated with Dent's disease
MESH:C538212,1184,15125028,R28X is exhibited in Dent's disease
MESH:C538212,1184,15125028,R28X results in Dent's disease
MESH:C538212,1184,15140760,CLC5 mutation Dent's disease
MESH:C538212,1184,15469420,CLCN5 mutations in which have been associated with Dent's disease
MESH:C538212,1184,15615094,CLC-5 is associated with Dent's disease
MESH:C538212,1184,15719255,CLCN5 associated with Dent's disease
MESH:C538212,1184,15719255,CLCN5 causes Dent's disease
MESH:C538212,1184,15719255,CLCN5 is mutated in Dent's disease
MESH:C538212,1184,15719255,E609X causes Dent's disease
MESH:C538212,1184,15719255,E609X has been reported in Korean patients with Dent's disease
MESH:C538212,1184,15719255,E609X was associated with Dent's disease in Korean patients
MESH:C538212,1184,15719255,E609X was found in a patient with Dent's disease
MESH:C538212,1184,15719255,E609X was the first reported mutation in Korean patients with Dent's disease
MESH:C538212,1184,15814539,R347X causes unusual presentation of Dent's disease
MESH:C538212,1184,15814539,R347X is associated with Dent's disease
MESH:C538212,1184,15895257,C221R is a missense mutation causing Dent's disease
MESH:C538212,1184,15895257,G462 V is a missense mutation causing Dent's disease
MESH:C538212,1184,15895257,G462 V is associated with Dent's disease
MESH:C538212,1184,15895257,G462 V mutated the CLCN5 gene leading to Dent's disease
MESH:C538212,1184,15895257,G462 V results in loss of ClC-5 channel function leading to Dent's disease
MESH:C538212,1184,15895257,G462 V was tested in a study on Dent's disease-causing mutations
MESH:C538212,1184,15895257,G506E is a mutant Dent's disease-causing
MESH:C538212,1184,15895257,G506E is one of the Dent's disease-causing mutations
MESH:C538212,1184,15895257,G506E was found to cause Dent's disease
MESH:C538212,1184,15895257,G506E was tested Dent's disease
MESH:C538212,1184,15895257,L324R does not cause Dent's disease
MESH:C538212,1184,15895257,L324R was tested for its effect on Dent's disease
MESH:C538212,1184,15895257,L521R causes Dent's disease
MESH:C538212,1184,15895257,L521R is a Dent's disease-causing mutation
MESH:C538212,1184,15895257,L521R is a mutation associated with Dent's disease
MESH:C538212,1184,15895257,L521R is mentioned in relation to Dent's disease-causing mutations
MESH:C538212,1184,15895257,L521R was tested in the context of Dent's disease research
MESH:C538212,1184,15895257,L521RfsX526 causes Dent's disease
MESH:C538212,1184,15895257,L521RfsX526 is a mutation causing Dent's disease
MESH:C538212,1184,15895257,M517IfsX528 cause Dent's disease
MESH:C538212,1184,15895257,M517IfsX528 is a Dent's disease-causing mutation
MESH:C538212,1184,15895257,M517IfsX528 is associated with Dent's disease
MESH:C538212,1184,15895257,M517IfsX528 was examined in relation to Dent's disease
MESH:C538212,1184,15895257,R347X causes Dent's disease
MESH:C538212,1184,15895257,R347X corresponds to Dent's disease
MESH:C538212,1184,15895257,R347X is a Dent's disease-causing mutation
MESH:C538212,1184,15895257,R516 W channel activity induced Dent's disease
MESH:C538212,1184,15895257,R516 W did not induce functional chloride currents Dent's disease
MESH:C538212,1184,15895257,R516 W functionally compromised Dent's disease
MESH:C538212,1184,15895257,R516 W gene mutation Dent's disease
MESH:C538212,1184,15895257,R516 W mutant Dent's disease
MESH:C538212,1184,15895257,R516 W mutated protein Dent's disease
MESH:C538212,1184,15895257,R516 W previously reported Dent's disease
MESH:C538212,1184,15895257,R516 W tested Dent's disease
MESH:C538212,1184,15895257,R516 W tested as variant Dent's disease
MESH:C538212,1184,15895257,R516 W variant Dent's disease
MESH:C538212,1184,15895257,R516 W was found to be a functioning mutant in Dent's disease
MESH:C538212,1184,15895257,R648X causes Dent's disease
MESH:C538212,1184,15895257,R648X displays a significant increase in surface expression associated with Dent's disease
MESH:C538212,1184,15895257,R648X findings may imply the involvement in Dent's disease
MESH:C538212,1184,15895257,R648X implicated in Dent's disease
MESH:C538212,1184,15895257,R648X is a Dent's disease-causing mutation
MESH:C538212,1184,15895257,R648X is a mutation associated with Dent's disease
MESH:C538212,1184,15895257,R648X is associated with Dent's disease
MESH:C538212,1184,15895257,R648X leads to Dent's disease
MESH:C538212,1184,15895257,R648X mutant causes Dent's disease
MESH:C538212,1184,15895257,R648X mutation leads to Dent's disease
MESH:C538212,1184,15895257,R648X related to Dent's disease
MESH:C538212,1184,15942052,ClC-5 is associated with Dent's disease
MESH:C538212,1184,15942052,ClC-5 knockout (KO) mice are affected by Dent's disease
MESH:C538212,1184,15942052,ClC-5 mutants cause Dent's disease
MESH:C538212,1184,15942052,R704X is associated with Dent's disease
MESH:C538212,1184,15942052,myc-W22G-ClC-5 did not rescue receptor-mediated endocytosis Dent's disease
MESH:C538212,1184,15942052,myc-W22G-ClC-5 is one of the disease-causing mutants Dent's disease
MESH:C538212,1184,15942052,myc-W22G-ClC-5 was studied in cells infected with adenovirus Dent's disease
MESH:C538212,1184,15942052,myc-W22G-ClC-5 was used in an infection Dent's disease
MESH:C538212,1184,16034421,ClC-5 is a cause of Dent's disease
MESH:C538212,1184,16034421,ClC-5 is associated with Dent's disease
MESH:C538212,1184,16034421,ClC-5 is mutated in Dent's disease
MESH:C538212,1184,16226913,ClC-5 are a critical factor in the development of Dent's disease
MESH:C538212,1184,16226913,ClC-5 is associated with Dent's disease
MESH:C538212,1184,16226913,Loss of function nonsense or missense mutations in ClC-5 are associated with Dent's disease
MESH:C538212,1184,16352917,ClC-5 is disrupted in Dent's disease
MESH:C538212,1184,16352917,ClC-5 is involved in the pathophysiology of Dent's disease
MESH:C538212,1184,16429322,Mutations in CLCN5 cause Dent's disease
MESH:C538212,1184,16686597,ClC-5 has been linked to Dent's disease
MESH:C538212,1184,16686597,ClC-5 is a cause of Dent's disease
MESH:C538212,1184,16686597,ClC-5 is associated with Dent's disease
MESH:C538212,1184,16686597,ClC-5 is linked to Dent's disease
MESH:C538212,1184,16686597,Mutations in ClC-5 have been linked to Dent's disease
MESH:C538212,1184,16801162,CLCN-5 gene Dent's disease
MESH:C538212,1184,16801162,CLCN-5 mutations Dent's disease
MESH:C538212,1184,16822791,267 del E identified in 21/24 patients with a typical phenotype of Dent's disease
MESH:C538212,1184,16822791,267 del E identified in 3/16 patients with a partial clinical picture of Dent's disease
MESH:C538212,1184,16822791,267 del E results in Dent's disease
MESH:C538212,1184,16822791,267 del E was identified in Dent's disease
MESH:C538212,1184,16822791,CLCN5 gene identified in patients with Dent's disease
MESH:C538212,1184,16822791,CLCN5 gene mutations Dent's disease
MESH:C538212,1184,16822791,CLCN5 gene mutations are responsible for Dent's disease
MESH:C538212,1184,16822791,CLCN5 gene mutations enable a clinical diagnosis of Dent's disease
MESH:C538212,1184,16822791,CLCN5 gene mutations lead to Dent's disease
MESH:C538212,1184,16822791,CLCN5 mutations Dent's disease
MESH:C538212,1184,16822791,CLCN5 mutations are associated with Dent's disease
MESH:C538212,1184,16822791,E6fsX11 extends the number of mutations identified for Dent's disease
MESH:C538212,1184,16822791,E6fsX11 extends the number of mutations identified so far in Dent's disease from 75 to 85
MESH:C538212,1184,16822791,E6fsX11 identified in 21/24 patients with a typical phenotype of Dent's disease
MESH:C538212,1184,16822791,E6fsX11 is a novel mutation in the CLCN5 gene associated with Dent's disease
MESH:C538212,1184,16822791,E6fsX11 was identified in patients with Dent's disease
MESH:C538212,1184,16822791,F444fsX448 has been identified in patients with Dent's disease
MESH:C538212,1184,16822791,F444fsX448 identified in Dent's disease
MESH:C538212,1184,16822791,F444fsX448 leads to Dent's disease
MESH:C538212,1184,16822791,IVS3 +2 G>C associated with Dent's disease
MESH:C538212,1184,16822791,IVS3 +2 G>C causes partial clinical picture of Dent's disease
MESH:C538212,1184,16822791,IVS3 +2 G>C detected in a group with an incomplete Dent's disease phenotype
MESH:C538212,1184,16822791,IVS3 +2 G>C identified in three patients with an incomplete Dent's disease phenotype
MESH:C538212,1184,16822791,IVS3 +2 G>C was identified in Dent's disease
MESH:C538212,1184,16822791,IVS3 -1 G>A associated with Dent's disease
MESH:C538212,1184,16822791,IVS3 -1 G>A is identified in a patient with Dent's disease
MESH:C538212,1184,16822791,IVS3 -1 G>A leads to an incomplete Dent's disease phenotype
MESH:C538212,1184,16822791,N340K associated with Dent's disease
MESH:C538212,1184,16822791,N340K is a result of the genetic heterogeneity of Dent's disease
MESH:C538212,1184,16822791,N340K leads to an incomplete Dent's disease phenotype
MESH:C538212,1184,16822791,N340K was identified in 1 patient with Dent's disease
MESH:C538212,1184,16822791,N340K was identified in 21/24 patients with a typical phenotype of Dent's disease
MESH:C538212,1184,16822791,Q600X extends the list of mutations of Dent's disease
MESH:C538212,1184,16822791,Q600X identified in Dent's disease
MESH:C538212,1184,16822791,Q600X is a mutation identified in Dent's disease
MESH:C538212,1184,16822791,Q600X is a type of mutation causing Dent's disease
MESH:C538212,1184,16822791,Q600X is associated with the clinical diagnosis of Dent's disease
MESH:C538212,1184,16822791,Q600X leads to Dent's disease
MESH:C538212,1184,16822791,Q600X was found in 21/24 patients with a typical Dent's disease phenotype
MESH:C538212,1184,16822791,Q600X was identified in patients with Dent's disease
MESH:C538212,1184,16822791,W547X extends the number of mutations of Dent's disease
MESH:C538212,1184,16822791,W547X identified in Dent's disease
MESH:C538212,1184,16822791,W547X is associated with Dent's disease
MESH:C538212,1184,16822791,W547X results in Dent's disease
MESH:C538212,1184,16822791,W547X was identified in 21/24 patients with a typical phenotype of Dent's disease
MESH:C538212,1184,16822791,W58fsX97 causes Dent's disease
MESH:C538212,1184,16822791,W58fsX97 identified in Dent's disease
MESH:C538212,1184,16822791,W58fsX97 results in Dent's disease
MESH:C538212,1184,16822791,Y272C causes Dent's disease
MESH:C538212,1184,16822791,Y272C identified in 1/16 patients with a partial clinical picture of Dent's disease
MESH:C538212,1184,17262170,976delG causes Dent's disease
MESH:C538212,1184,17262170,976delG is a deletion mutation associated with Dent's disease
MESH:C538212,1184,17262170,976delG is associated with Dent's disease
MESH:C538212,1184,17262170,976delG is found in patients with Dent's disease
MESH:C538212,1184,17262170,976delG is identified in patients with Dent's disease
MESH:C538212,1184,17262170,976delG leads to Dent's disease
MESH:C538212,1184,17262170,C219R causes Dent's disease
MESH:C538212,1184,17262170,CLCN5 mutations alter the splicing of the pre-mRNA resulting in Dent's disease
MESH:C538212,1184,17262170,CLCN5 mutations are disease-causing Dent's disease
MESH:C538212,1184,17262170,F273L causes Dent's disease
MESH:C538212,1184,17262170,F273L is associated with Dent's disease
MESH:C538212,1184,17262170,F273L was identified in patients with Dent's disease
MESH:C538212,1184,17262170,Mutations in the CLCN5 gene are associated with Dent's disease
MESH:C538212,1184,17262170,The CLCN5 gene is associated with Dent's disease
MESH:C538212,1184,17262170,W314X is a nonsense mutation associated with Dent's disease
MESH:C538212,1184,17262170,W314X is associated with Dent's disease
MESH:C538212,1184,17262170,W314X is found in patients with Dent's disease
MESH:C538212,1184,17262170,W314X results in Dent's disease
MESH:C538212,1184,17262170,W314X was identified in Dent's disease patients
MESH:C538212,1184,17262170,W547G causes Dent's disease
MESH:C538212,1184,17262170,W547G is associated with Dent's disease
MESH:C538212,1184,17262170,Y140X associated with Dent's disease
MESH:C538212,1184,17262170,Y140X is a mutation associated with Dent's disease
MESH:C538212,1184,17262170,Y140X is one of seven new CLCN5 mutations in patients with Dent's disease
MESH:C538212,1184,17262170,Y140X was identified in a patient with Dent's disease
MESH:C538212,1184,17872384,CLC-5 is associated with hypercalciuric nephrolithiasis
MESH:C538212,1184,17872384,CLC-5 is due to mutations of hypercalciuric nephrolithiasis
MESH:C538212,1184,17872384,CLC-5 is responsible for hypercalciuric nephrolithiasis
MESH:C538212,1184,17872384,CLC-5 mutates to hypercalciuric nephrolithiasis
MESH:C538212,1184,17982249,R637X causes Dent's disease
MESH:C538212,1184,18025833,A novel missense CLCN5 mutation causes alterations in proximal tubular endocytic machinery in Dent's disease
MESH:C538212,1184,18025833,CLCN5 mutates Dent's disease
MESH:C538212,1184,18025833,G333R causes Dent's disease
MESH:C538212,1184,18025833,G333R was found in a patient with Dent's disease
MESH:C538212,1184,18025833,Mutations of CLCN5 cause Dent's disease
MESH:C538212,1184,18025833,The CLCN5 gene is associated with Dent's disease
MESH:C538212,1184,18025833,The CLCN5 gene is the cause of Dent's disease
MESH:C538212,1184,18184518,CLCN5 causes Dent's disease
MESH:C538212,1184,18184518,CLCN5 is associated with Dent's disease
MESH:C538212,1184,18184518,CLCN5 is mutated in Dent's disease
MESH:C538212,1184,18184518,CLCN5 is mutated in Dent's disease patients
MESH:C538212,1184,18184518,CLCN5 is responsible for the disease Dent's disease
MESH:C538212,1184,18184518,CLCN5 is the gene responsible for Dent's disease
MESH:C538212,1184,18184518,CLCN5 mutation is the cause of Dent's disease
MESH:C538212,1184,18184518,L225P identified in a Dent's disease patient
MESH:C538212,1184,18184518,L225P is associated with Dent's disease
MESH:C538212,1184,18184518,L225P was identified in a patient with Dent's disease
MESH:C538212,1184,18184518,Mutations in CLCN5 are responsible for Dent's disease
MESH:C538212,1184,18184518,Mutations in CLCN5 cause Dent's disease
MESH:C538212,1184,18184518,Y502X contributes to Dent's disease
MESH:C538212,1184,18184518,Y502X is identified in a patient with Dent's disease
MESH:C538212,1184,18184518,Y502X results in Dent's disease
MESH:C538212,1184,18322545,CLCN5 lacking Dent's disease
MESH:C538212,1184,18322545,CLCN5 mutation Dent's disease
MESH:C538212,1184,18322545,CLCN5 mutation associated with Dent's disease
MESH:C538212,1184,18322545,CLCN5 mutation in a patient with Dent's disease
MESH:C538212,1184,18446382,CLC-5 causes hypercalciuric nephrolithiasis
MESH:C538212,1184,18446382,CLC-5 is a mutation cause of hypercalciuric nephrolithiasis
MESH:C538212,1184,18446382,CLC-5 is associated with Dent's disease
MESH:C538212,1184,18446382,CLC-5 is associated with hypercalciuric nephrolithiasis
MESH:C538212,1184,18446382,CLC-5 is mutated in hypercalciuric nephrolithiasis
MESH:C538212,1184,18931044,CLCN5 causes Dent's disease
MESH:C538212,1184,18931044,CLCN5 is the gene associated with Dent's disease
MESH:C538212,1184,18931044,CLCN5 mutates X-linked Dent's disease
MESH:C538212,1184,19019917,Mutations of the human CLCN5 gene lead to Dent's disease
MESH:C538212,1184,19019917,The CLCN5 gene encodes the CLC-5 Cl-/H+ exchanger that leads to Dent's disease
MESH:C538212,1184,19076289,CLCN5 mutations Dent's disease
MESH:C538212,1184,19076289,L594fsX595 is associated with Dent's disease
MESH:C538212,1184,19076289,L594fsX595 is found in Chinese patients with Dent's disease
MESH:C538212,1184,19076289,L594fsX595 was inherited by the three Chinese boys with Dent's disease
MESH:C538212,1184,19076289,R467X corresponds to one of the mutations of Dent's disease
MESH:C538212,1184,19076289,R637X is a feature of Dent's disease
MESH:C538212,1184,19076289,R637X was found in the CLCN5 gene of Chinese patients with Dent's disease
MESH:C538212,1184,19390221,CLCN5 associated with Dent disease
MESH:C538212,1184,19390221,CLCN5 mutations in Dent disease
MESH:C538212,1184,19546586,1493delG causes Dent's disease
MESH:C538212,1184,19546586,1493delG is associated with Dent's disease
MESH:C538212,1184,19546586,409insC is associated with Dent's disease
MESH:C538212,1184,19546591,523delVal is associated with Dent's disease
MESH:C538212,1184,19546591,523delVal is present in 60% of women with Dent's disease
MESH:C538212,1184,19546591,Arg718Stop causes Dent's disease
MESH:C538212,1184,19546591,Arg718Stop was identified in 8 patients with Dent's disease
MESH:C538212,1184,19546591,CLC-5 causes Dent's disease
MESH:C538212,1184,19546591,CLC-5 involved in Dent's disease
MESH:C538212,1184,19546591,CLC-5 is a cause of Dent's disease
MESH:C538212,1184,19546591,CLC-5 is associated with Dent's disease
MESH:C538212,1184,19546591,CLC-5 mutated in Dent's disease
MESH:C538212,1184,19546591,CLC-5 mutation leads to Dent's disease
MESH:C538212,1184,19546591,CLC-5 mutations in cause Dent's disease
MESH:C538212,1184,19546591,nt930delTCinsA is associated with Dent's disease
MESH:C538212,1184,19582483,CLCN5 mutations mainly affecting Dent's disease
MESH:C538212,1184,19582483,CLCN5/OCRL1 mutations are not carried by 25% of Dent's disease patients
MESH:C538212,1184,19657328,C219R causes impaired exchanger processing in Dent's disease
MESH:C538212,1184,19657328,C219R impairs ClC-5 function in Dent's disease
MESH:C538212,1184,19657328,C219R was screened for functional consequences of CLCN5 mutations in Dent's disease
MESH:C538212,1184,19657328,C221R is associated with Dent's disease
MESH:C538212,1184,19657328,CLCN5 mutations result in Dent's disease
MESH:C538212,1184,19657328,G179D is associated with Dent's disease
MESH:C538212,1184,19657328,G212A had distinct mechanisms by which it could impair ClC-5 function in Dent's disease
MESH:C538212,1184,19657328,L200R is associated with Dent's disease
MESH:C538212,1184,19657328,R718X is associated with Dent's disease
MESH:C538212,1184,19657328,S203L could impair ClC-5 function in Dent's disease
MESH:C538212,1184,19657328,S203L is a mutation associated with Dent's disease
MESH:C538212,1184,19657328,S203L is associated with Dent's disease
MESH:C538212,1184,19713962,ClC-5 is essential for endosomal acidification in patients with Dent disease
MESH:C538212,1184,19713962,ClC-5 is essential for prevention of Dent disease
MESH:C538212,1184,19713962,ClC-5 is essential for protection against Dent disease
MESH:C538212,1184,19713962,ClC-5 is mutated in Dent disease
MESH:C538212,1184,19713962,ClC-5 is related to Dent disease
MESH:C538212,1184,19713962,ClC-5 mutation contributes to Dent disease
MESH:C538212,1184,19806368,p.Asp727fs causes Dent's disease
MESH:C538212,1184,19806368,p.Asp727fs was identified in a family with Dent's disease
MESH:C538212,1184,19806368,p.R648X causes Dent's disease
MESH:C538212,1184,19806368,p.R648X identifies Dent's disease
MESH:C538212,1184,19806368,p.R648X is a mutation that causes Dent's disease
MESH:C538212,1184,19806368,p.R648X is a recurrent mutation in Dent's disease
MESH:C538212,1184,19806368,p.R648X was identified as a causal mutation in Dent's disease
MESH:C538212,1184,19806368,p.Trp122X causes Dent's disease
MESH:C538212,1184,19806368,p.Trp122X is a mutation in the CLCN5 gene associated with Dent's disease
MESH:C538212,1184,19806368,p.Trp122X was identified in a family with Dent's disease
MESH:C538212,1184,19940036,CLC-5 function is lost in Dent's disease
MESH:C538212,1184,19940036,CLC-5 is due to mutations of Dent's disease
MESH:C538212,1184,19940036,CLC-5 is responsible for Dent's disease
MESH:C538212,1184,20430975,ClC-5 underlies human Dent's disease
MESH:C538212,1184,20430975,E211A is associated with human Dent's disease
MESH:C538212,1184,20513761,CLC-5 is associated with Dent's disease
MESH:C538212,1184,20513761,CLC-5 lead to Dent's disease
MESH:C538212,1184,20513761,CLC-5 mutations result in Dent's disease
MESH:C538212,1184,20513761,Mutations in CLC-5 lead to Dent's disease
MESH:C538212,1184,20654030,CLCN5 associated with Dent's disease
MESH:C538212,1184,20654030,CLCN5 gene mutations of Dent's disease
MESH:C538212,1184,20654030,CLCN5 mutations of Dent's disease
MESH:C538212,1184,20654030,CLCN5 mutations of the six patients with Dent's disease
MESH:C538212,1184,20654030,IVS4-2A > G found in Dent's disease
MESH:C538212,1184,20654030,IVS4-2A > G involved in Dent's disease
MESH:C538212,1184,20654030,IVS4-2A > G is associated with Dent's disease
MESH:C538212,1184,20654030,IVS4-2A > G mutation Dent's disease
MESH:C538212,1184,20654030,IVS4-2A > G was revealed Dent's disease
MESH:C538212,1184,20654030,L594fsX595 is associated with Dent's disease
MESH:C538212,1184,20654030,R467X is a mutation of the CLCN5 gene associated with Dent's disease
MESH:C538212,1184,20654030,R467X is associated with Dent's disease
MESH:C538212,1184,20654030,R637X associated with Dent's disease
MESH:C538212,1184,20654030,R637X is a genetic mutation revealed in patients with Dent's disease
MESH:C538212,1184,20654030,R637X revealed a genetic mutation in patients with Dent's disease
MESH:C538212,1184,20654030,R637X was a mutation of the CLCN5 gene associated with Dent's disease
MESH:C538212,1184,20654030,R637X was revealed in six patients with Dent's disease
MESH:C538212,1184,20654030,S244L is associated with Dent's disease
MESH:C538212,1184,20654030,S244L was revealed in the six patients with Dent's disease
MESH:C538212,1184,20654030,V505G is a mutation associated with Dent's disease
MESH:C538212,1184,20654030,V505G is a previously unreported mutation associated with Dent's disease
MESH:C538212,1184,20654030,V505G is associated with Dent's disease
MESH:C538212,1184,20654030,V505G was never reported before in patients with Dent's disease
MESH:C538212,1184,20654030,V505G was revealed to be associated with Dent's disease
MESH:C538212,1184,20936522,CLCN5 causes Dent's disease in two-thirds of patients
MESH:C538212,1184,20936522,CLCN5 gene associated with Dent's disease
MESH:C538212,1184,20936522,CLCN5 is associated with mutations in Dent's disease
MESH:C538212,1184,20936522,CLCN5 mutated in Dent's disease
MESH:C538212,1184,20936522,CLCN5 mutations in cause Dent's disease in two-thirds of patients
MESH:C538212,1184,20946626,CLCN5 causes Dent's disease
MESH:C538212,1184,20946626,CLCN5 explains the phenotype of Dent's disease
MESH:C538212,1184,20946626,CLCN5 is a gene that causes Dent's disease
MESH:C538212,1184,20946626,CLCN5 mutates Dent's disease
MESH:C538212,1184,21170884,CLC5 is associated with Dent's disease
MESH:C538212,1184,21173145,Y617A associated with Dent disease
MESH:C538212,1184,21173145,Y617A disrupted in Dent disease
MESH:C538212,1184,21173145,Y617A led to a defect in Dent disease
MESH:C538212,1184,21173145,Y617A mutated in Dent disease
MESH:C538212,1184,21173145,Y617A-ClC-5 is associated with Dent disease
MESH:C538212,1184,21859490,CLCN5 identified in Dent's disease
MESH:C538212,1184,21859490,CLCN5 is the gene affected by Dent's disease
MESH:C538212,1184,21859490,CLCN5 mutation associated with Dent's disease
MESH:C538212,1184,21859490,CLCN5 mutation leads to Dent's disease
MESH:C538212,1184,21859490,CLCN5 substitution S244L substitution in Dent's disease
MESH:C538212,1184,21932010,CLCN5 associated with Dent disease
MESH:C538212,1184,21932010,CLCN5 causes Dent disease
MESH:C538212,1184,21932010,CLCN5 mainly caused by inactivating mutations of Dent disease
MESH:C538212,1184,21932010,CLCN5 mutated Dent disease
MESH:C538212,1184,21932010,CLCN5 was analyzed Dent disease
MESH:C538212,1184,21932010,CLCN5 was mutated resulting in Dent disease
MESH:C538212,1184,21932010,Y567X causes Dent disease
MESH:C538212,1184,21932010,Y567X in CLCN5 causes Dent disease
MESH:C538212,1184,21932010,Y567X was identified in a patient with Dent disease
MESH:C538212,1184,23047739,CLCN5 mainly affects Dent's disease
MESH:C538212,1184,23047739,CLCN5 mutations cause Dent's disease
MESH:C538212,1184,23226131,CLC-5 is the cause of Dent's I disease
MESH:C538212,1184,23226131,CLC-5 plays a critical role in the process of endocytosis in the proximal tubule of the kidney and mutations that alter protein function are the cause of Dent's I disease.
MESH:C538212,1184,23226131,CLC-5 plays a critical role in the process of endocytosis in the proximal tubule of the kidney which leads to Dent's disease
MESH:C538212,1184,23226131,Mutations in CLC-5 are the cause of Dent's I disease
MESH:C538212,1184,23226131,mutations that alter CLC-5 protein function are the cause of Dent's I disease
MESH:C538212,1184,23566014,C221R contributes to Dent's disease
MESH:C538212,1184,23566014,C221R is a disease-causing mutation of Dent's disease
MESH:C538212,1184,23566014,C221R leads to Dent's disease
MESH:C538212,1184,23566014,R718X causes Dent's disease
MESH:C538212,1184,23566014,R718X is a Dent's disease-causing mutant
MESH:C538212,1184,23566014,R718X is a Dent's disease-causing mutant of ClC-5
MESH:C538212,1184,23723021,ClC-5 is associated with Dent's disease
MESH:C538212,1184,23723021,ClC-5 is disrupted in Dent's disease
MESH:C538212,1184,23723021,ClC-5 is involved in Dent's disease
MESH:C538212,1184,23723021,ClC-5 is related to Dent's disease
MESH:C538212,1184,23723021,ClC-5 leads to Dent's disease
MESH:C538212,1184,24099800,ClC-5 is a cause of Dent's disease
MESH:C538212,1184,24099800,ClC-5 is associated with Dent's disease
MESH:C538212,1184,24099800,ClC-5 mutation of which causes Dent's disease
MESH:C538212,1184,24099800,ClC-5 mutations in cause Dent's disease
MESH:C538212,1184,24099800,Mutations in ClC-5 cause Dent's disease
MESH:C538212,1184,24428215,A single base 'G' deletion at nucleotide 246 is associated with Dent-1 disease
MESH:C538212,1184,24428215,A single base 'G' deletion at nucleotide 246 is found to be a cause of Dent-1 disease
MESH:C538212,1184,24428215,"A single base 'G' deletion at nucleotide 246 is identified in the CLCN5 gene in this patient, resulting in Dent-1 disease"
MESH:C538212,1184,24428215,CLCN5 gene responsible for Dent-1 disease
MESH:C538212,1184,24428215,CLCN5 is associated with Dent-1 disease
MESH:C538212,1184,24428215,CLCN5 mutation found in Dent-1 disease
MESH:C538212,1184,24428215,Threonine (Thr) residue in position 83 is associated with Dent-1 disease through a mutation
MESH:C538212,1184,24428215,Threonine (Thr) residue in position 83 is linked to Dent-1 disease through a genetic mutation
MESH:C538212,1184,24428215,Threonine (Thr) residue in position 83 mutated to a residue associated with Dent-1 disease
MESH:C538212,1184,24428215,Threonine (Thr) residue in position 83 resulted in a change leading to Dent-1 disease
MESH:C538212,1184,24428215,c. 246delG causes Dent-1 disease
MESH:C538212,1184,24428215,c. 246delG is associated with Dent-1 disease
MESH:C538212,1184,24428215,c. 246delG responsible for Dent-1 disease in this case
MESH:C538212,1184,25001568,CLCN5 5'UTR region mutations in were identified in a patient with Dent disease 1
MESH:C538212,1184,25001568,CLCN5 encoded the ClC-5 Cl-/H+ antiporter associated with Dent disease 1
MESH:C538212,1184,25001568,CLCN5 gene is associated with Dent disease 1
MESH:C538212,1184,25001568,CLCN5 mutations in are localized in the coding region of Dent disease 1 patients
MESH:C538212,1184,25001568,CLCN5 mutations in cause Dent disease 1
MESH:C538212,1184,25001568,The CLCN5 5'UTR region may play a role in the pathogenesis of Dent disease 1
MESH:C538212,1184,25124980,CLCN5 gene has mutations in Dent's disease
MESH:C538212,1184,25124980,CLCN5 is a gene associated with Dent's disease
MESH:C538212,1184,25124980,CLCN5 is caused by mutations in Dent's disease
MESH:C538212,1184,25124980,CLCN5 is involved in Dent's disease
MESH:C538212,1184,25124980,CLCN5 mutation is a cause of Dent's disease
MESH:C538212,1184,25124980,CLCN5 mutation leads to Dent's disease
MESH:C538212,1184,25443653,ClC-5 established as the cause of Dent's disease
MESH:C538212,1184,25443653,ClC-5 established the critical function for endocytosis through causing Dent's disease
MESH:C538212,1184,25443653,ClC-5 is linked to Dent's disease
MESH:C538212,1184,25443653,ClC-5 mutations cause Dent's disease
MESH:C538212,1184,25670966,CLCN5 causes Dent disease
MESH:C538212,1184,25670966,CLCN5 confirms the diagnostic of Dent disease
MESH:C538212,1184,25670966,CLCN5 is associated with Dent disease
MESH:C538212,1184,25670966,The disruption and partial loss of CLCN5 confirmed the diagnostic of Dent disease
MESH:C538212,1184,26036722,ClC-5 dysfunction causes Dent's disease
MESH:C538212,1184,26042048,ClC-5 are mutations associated with Dent's disease
MESH:C538212,1184,26042048,ClC-5 exhibited impaired renal endocytosis and endosomal acidification in Dent's disease
MESH:C538212,1184,26042048,ClC-5 exhibited reduced capability to support endosomal acidification associated with Dent's disease
MESH:C538212,1184,26042048,ClC-5 is associated with Dent's disease
MESH:C538212,1184,26042048,E267A causes Dent's disease
MESH:C538212,1184,26042048,E267A exhibited reduced capability to support endosomal acidification in the context of Dent's disease
MESH:C538212,1184,26042048,E267A is associated with Dent's disease
MESH:C538212,1184,26042048,E267A was a Dent's disease mutation
MESH:C538212,1184,26042048,E267A was investigated for its effects on Dent's disease
MESH:C538212,1184,26042048,E267A was investigated in relation to Dent's disease
MESH:C538212,1184,26042048,E267A was linked to Dent's disease
MESH:C538212,1184,26042048,Mutations in ClC-5 are associated with Dent's disease
MESH:C538212,1184,26108450,CLCN5 gene Dent disease
MESH:C538212,1184,26108450,CLCN5 is not associated with Dent disease in this case
MESH:C538212,1184,26108450,CLCN5 is not involved in Dent disease diagnosis
MESH:C538212,1184,26108450,CLCN5 mentioned in diagnosis Dent disease
MESH:C538212,1184,26108450,CLCN5 mutations absence in Dent disease
MESH:C538212,1184,26108450,CLCN5 not associated with Dent disease diagnosis
MESH:C538212,1184,26370164,1070G>T causes Dent's disease
MESH:C538212,1184,26370164,1070G>T results in Dent's disease due to an X-linked trait
MESH:C538212,1184,26370164,CLCN5 cause of Dent's disease
MESH:C538212,1184,26370164,CLCN5 defect Dent's disease
MESH:C538212,1184,26370164,CLCN5 involved in Dent's disease
MESH:C538212,1184,26370164,CLCN5 mutation of Dent's disease
MESH:C538212,1184,26370164,CLCN5 responsible for Dent's disease
MESH:C538212,1184,26389017,CLCN5 mutates in patients with Dent disease
MESH:C538212,1184,26389017,CLCN5 mutations are a cause of Dent disease
MESH:C538212,1184,26389017,CLCN5 mutations are found in approximately 75 % of patients with Dent disease
MESH:C538212,1184,26389017,CLCN5 mutations cause Dent disease
MESH:C538212,1184,27044412,CLC-5 causes Dent's disease
MESH:C538212,1184,27044412,CLC-5 induces Dent's disease in humans
MESH:C538212,1184,27044412,E211A causes Dent's disease
MESH:C538212,1184,27044412,E211A induced Dent's disease
MESH:C538212,1184,27044412,E211A induces Dent's disease in humans
MESH:C538212,1184,27044412,E211A stimulated endosomal acidification leading to Dent's disease
MESH:C538212,1184,27044412,E211Q causes Dent's disease
MESH:C538212,1184,27044412,E211Q induces Dent's disease in humans
MESH:C538212,1184,27117801,CLCN5 causes Dent disease type 1
MESH:C538212,1184,27117801,CLCN5 electrophysiological characterization related to Dent disease
MESH:C538212,1184,27117801,CLCN5 functionally studied in Dent disease patients
MESH:C538212,1184,27117801,CLCN5 mutations Dent disease
MESH:C538212,1184,27117801,CLCN5 mutations identified in Dent disease patients
MESH:C538212,1184,27117801,CLCN5 studied in Dent disease type 1
MESH:C538212,1184,27117801,CLCN5 study in Dent disease patients
MESH:C538212,1184,27117801,R345W caused the functional defects of Dent disease
MESH:C538212,1184,27117801,R345W causes Dent disease
MESH:C538212,1184,27117801,R345W causes functional defects in Dent disease
MESH:C538212,1184,27117801,R345W functionally studied in Dent disease
MESH:C538212,1184,27117801,R345W identified in Dent disease patients
MESH:C538212,1184,27117801,R345W identified in patients with Dent disease
MESH:C538212,1184,27117801,R345W is a mutation in Dent disease
MESH:C538212,1184,27117801,R345W mutation Dent disease
MESH:C538212,1184,27117801,R345W shows the same anion selectivity sequence as WT ClC-5 in Dent disease
MESH:C538212,1184,27117801,R345W was associated with Dent disease
MESH:C538212,1184,27117801,S244L was functionally studied in Dent disease patients
MESH:C538212,1184,27117801,T657S does not cause Dent disease
MESH:C538212,1184,27117801,T657S is a mutation identified in Dent disease patients
MESH:C538212,1184,27117801,T657S shows the same anion selectivity sequence as WT ClC-5 in Dent disease patients
MESH:C538212,1184,27117801,T657S was found to have a high minor-allele frequency (0.23%) in the African-American population of Dent disease patients
MESH:C538212,1184,27117801,T657S was identified in Dent disease patients.
MESH:C538212,1184,27117801,T657S was published previously as pathogenic to cause Dent disease.
MESH:C538212,1184,27625851,CLCN5 mutations cause Dent's disease
MESH:C538212,1184,27625851,CLCN5 mutations characterized Dent's disease
MESH:C538212,1184,27625851,V108fs causes Dent's disease
MESH:C538212,1184,27625851,V108fs is a mutation in the CLCN5 gene associated with Dent's disease
MESH:C538212,1184,27625851,V108fs is a mutation that leads to Dent's disease
MESH:C538212,1184,27625851,V108fs is associated with Dent's disease
MESH:C538212,1184,27625851,V108fs was identified in Dent's disease
MESH:C538212,1184,27625851,V108fs was identified in a patient with Dent's disease
MESH:C538212,1184,27625851,c.723+1G >T affects Dent's disease
MESH:C538212,1184,27625851,c.723+1G >T identified in patients with Dent's disease
MESH:C538212,1184,27625851,p.G462S affects Dent's disease
MESH:C538212,1184,27625851,p.G462S is a mutation in Dent's disease
MESH:C538212,1184,27625851,p.G462S is associated with Dent's disease
MESH:C538212,1184,27625851,p.G462S was identified in a patient with Dent's disease
MESH:C538212,1184,27625851,p.G466D affects Dent's disease
MESH:C538212,1184,27625851,p.G466D causes Dent's disease
MESH:C538212,1184,27625851,p.G466D is a Dent's disease causing mutation
MESH:C538212,1184,27625851,p.G466D is associated with Dent's disease
MESH:C538212,1184,27625851,p.G65R affects Dent's disease
MESH:C538212,1184,27625851,p.G65R has been found in a patient with Dent's disease
MESH:C538212,1184,27625851,p.G65R is a mutation causing Dent's disease
MESH:C538212,1184,27625851,p.G65R is associated with Dent's disease
MESH:C538212,1184,27625851,p.Y164(*) affects Dent's disease
MESH:C538212,1184,27625851,p.[H107P affects Dent's disease
MESH:C538212,1184,27625851,p.[H107P causes Dent's disease
MESH:C538212,1184,27625851,p.[H107P is a mutation Dent's disease
MESH:C538212,1184,27625851,p.[H107P were associated with Dent's disease
MESH:C538212,1184,27699523,CLCN5 mutation Dent disease 1
MESH:C538212,1184,27699523,CLCN5 mutation causes Dent disease
MESH:C538212,1184,27699523,p.Ala540Pro is associated with Dent disease
MESH:C538212,1184,27757584,CLCN5 causes Dent disease
MESH:C538212,1184,27757584,CLCN5 forms Dent disease
MESH:C538212,1184,27757584,CLCN5 involved in Dent disease
MESH:C538212,1184,27757584,CLCN5 is a gene associated with Dent disease
MESH:C538212,1184,27757584,CLCN5 is mutated in Dent disease
MESH:C538212,1184,27757584,CLCN5 mutation forms Dent disease
MESH:C538212,1184,27757584,CLCN5 mutation in Dent disease
MESH:C538212,1184,27757584,CLCN5 mutation is associated with Dent disease
MESH:C538212,1184,27757584,CLCN5 mutation leads to Dent disease
MESH:C538212,1184,27889724,p.Glu527Gln associated with Dent Disease
MESH:C538212,1184,27889724,p.Glu527Gln has a mutation associated with Dent Disease
MESH:C538212,1184,27889724,p.Glu527Gln is one of the mutations in CLCN5 gene associated with Dent Disease
MESH:C538212,1184,27889724,p.Glu527Gln was found in 13 patients with Dent Disease
MESH:C538212,1184,27889724,p.Gly57Arg is associated with Dent Disease
MESH:C538212,1184,27889724,p.Leu729X has a variation associated with Dent Disease
MESH:C538212,1184,27889724,p.Met504Lys has been reported in patients with Dent Disease
MESH:C538212,1184,27889724,p.Met504Lys is associated with Dent Disease
MESH:C538212,1184,27889724,p.Trp58Cys is associated with Dent Disease
MESH:C538212,1184,27889724,p.Trp58Cys is one of the variations found in the CLCN5 gene of patients with Dent Disease
MESH:C538212,1184,28101447,CLC-5 causes Dent's disease
MESH:C538212,1184,28101447,CLC-5 is a component of the pathogenesis of Dent's disease
MESH:C538212,1184,28101447,CLC-5 is a disease-causing factor of Dent's disease
MESH:C538212,1184,28101447,CLC-5 plays a critical role in endocytosis in Dent's disease
MESH:C538212,1184,28509186,CLCN5 causes adult Dent disease
MESH:C538212,1184,28509186,CLCN5 is a gene causing adult Dent disease
MESH:C538212,1184,28509186,CLCN5 mutation adult Dent disease
MESH:C538212,1184,28509186,CLCN5 mutation caused by adult Dent disease
MESH:C538212,1184,28509186,CLCN5 mutation found in adult Dent disease
MESH:C538212,1184,29058463,CLCN5 mutations associated with Dent's disease
MESH:C538212,1184,29058463,CLCN5 mutations characterize genetic changes in Dent's disease patients
MESH:C538212,1184,29058463,CLCN5 mutations involved Dent's disease
MESH:C538212,1184,29058463,CLCN5 mutations lead to Dent's disease
MESH:C538212,1184,30426109,CLCN5 mutation Dent's disease
MESH:C538212,1184,30426109,CLCN5 mutation causes Dent's disease
MESH:C538212,1184,30581818,CLCN5 causes Dent disease 1
MESH:C538212,1184,30581818,CLCN5 mutations Dent disease 1
MESH:C538212,1184,30581818,CLCN5 mutations in Dent disease 1
MESH:C538212,1184,30581818,CLCN5 pathogenic variants in Dent disease 1
MESH:C538212,1184,30630535,CLCN5 is associated with Dent disease
MESH:C538212,1184,32231453,CLCN5 gene involved in Type 1 Dent disease
MESH:C538212,1184,32231453,CLCN5 is associated with Type 1 Dent disease
MESH:C538212,1184,32231453,CLCN5 mutation Type 1 Dent disease
MESH:C538212,1184,32231453,CLCN5 mutations in cause Type 1 Dent disease
MESH:C538212,1184,32231453,c.328_330delT causes Type 1 Dent disease
MESH:C538212,1184,32495484,CLCN5 detected in Dent-1 disease
MESH:C538212,1184,32495484,CLCN5 is associated with Dent-1 disease
MESH:C538212,1184,32495484,CLCN5 mutations Dent-1 disease
MESH:C538212,1184,32495484,CLCN5 mutations were detected in Dent-1 disease
MESH:C538212,1184,32495484,CLCN5 mutations were found in Dent-1 disease
MESH:C538212,1184,32495484,CLCN5 related to Dent-1 disease
MESH:C538212,1184,32533415,CLCN5 impair the megalin-cubilin receptor-mediated endocytosis in kidney's proximal tubules leading to Dent's disease
MESH:C538212,1184,32533415,CLCN5 is associated with Dent's disease
MESH:C538212,1184,32533415,CLCN5 mutation in Dent's disease
MESH:C538212,1184,35100899,CLCN5 gene Dent-1 Disease
MESH:C538212,1184,35100899,CLCN5 mutations Dent-1 Disease
MESH:C538212,1184,35100899,CLCN5 related to Dent-1 Disease with nonsense mutations
MESH:C538212,1184,35738466,CLCN5 includes Dent disease
MESH:C538212,1184,35738466,CLCN5 involved in Dent disease
MESH:C538212,1184,35738466,CLCN5 is a gene involved in Dent disease
MESH:C538212,1184,35738466,CLCN5 is associated with Dent disease
MESH:C538212,1184,35738466,CLCN5 related to Dent disease
MESH:C538212,1184,36284768,CLCN5 cDNA was delivered into the kidneys of mutant mice to treat Type 1 Dent disease
MESH:C538212,1184,36284768,CLCN5 causes Type 1 Dent disease
MESH:C538212,1184,36284768,CLCN5 gene Type 1 Dent disease
MESH:C538212,1184,36284768,CLCN5 is the gene responsible for Type 1 Dent disease
MESH:C538212,1184,36284768,CLCN5 mutation leads to Type 1 Dent disease
MESH:C538212,1184,36578800,CLCN5 codes for X-linked Dent Disease
MESH:C538212,1184,36578800,CLCN5 gene found in X-linked Dent Disease
MESH:C538212,1184,36578800,CLCN5 gene mutation X-linked Dent Disease
MESH:C538212,1184,36578800,CLCN5 has a pathogenic variant X-linked Dent Disease
MESH:C538212,1184,36578800,CLCN5 is associated with X-linked Dent Disease
MESH:C538212,1184,36578800,CLCN5 mutation causes X-linked Dent Disease
MESH:C538212,1184,36578800,CLCN5 mutation leads to X-linked Dent Disease
MESH:C538212,1184,36578800,CLCN5 variant X-linked Dent Disease
MESH:C538212,1184,36578800,CLCN5 variant confirmed X-linked Dent Disease
MESH:C538212,1184,36578800,CLCN5 was identified in X-linked Dent Disease
MESH:C538212,1184,36578800,c.2152C>T confirms the diagnosis of X-linked Dent Disease
MESH:C538212,1184,36578800,c.2152C>T is associated with X-linked Dent Disease
MESH:C538212,1184,36646056,CLCN5 causative mutations Dent's disease
MESH:C538212,1184,36646056,CLCN5 characterized by mutations in Dent's disease
MESH:C538212,1184,36646056,CLCN5 gene Dent's disease
MESH:C538212,1184,36646056,CLCN5 gene involved in Dent's disease
MESH:C538212,1184,36646056,CLCN5 identified in Dent's disease patients
MESH:C538212,1184,36646056,CLCN5 is associated with Dent's disease
MESH:C538212,1184,36646056,"CLCN5 is characterized by proteinuria, hypercalciuria, nephrocalcinosis, nephrolithiasis, rickets, and end-stage renal disease in Dent's disease"
MESH:C538212,1184,36646056,CLCN5 mutations Dent's disease
MESH:C538212,1184,36646056,CLCN5 mutations are found in 60% of patients with Dent's disease
MESH:C538212,1184,36646056,CLCN5 mutations are responsible for Dent's disease
MESH:C538212,1184,36646056,CLCN5 mutations identified in patients with Dent's disease
MESH:C538212,1184,36646056,CLCN5 mutations in Dent's disease patients
MESH:C538212,1184,36646056,CLCN5 mutations were identified in 13 Iranian families with Dent's disease
MESH:C538212,1184,36646056,c.100C>T causes Dent's disease
MESH:C538212,1184,36646056,c.100C>T identified in patients with Dent's disease
MESH:C538212,1184,36646056,c.100C>T is associated with Dent's disease
MESH:C538212,1184,36646056,c.1241_1242dupAA causes Dent's disease
MESH:C538212,1184,36646056,c.1241_1242dupAA corresponds to Dent's disease
MESH:C538212,1184,36646056,c.1241_1242dupAA is associated with Dent's disease
MESH:C538212,1184,36646056,c.731C>T associated with Dent's disease
MESH:C538212,1184,36646056,c.731C>T causes Dent's disease
MESH:C538212,1184,36646056,c.731C>T found in Iranian patients with Dent's disease
MESH:C538212,1184,36646056,c.731C>T identified in Dent's disease
MESH:C538212,1184,36646056,c.805-2A>G causes Dent's disease
MESH:C538212,1184,36646056,c.805-2A>G is associated with Dent's disease
MESH:C538212,1184,36688186,c.810C>G is associated with Dent's disease
MESH:C538212,1184,36688186,c.810C>G was identified in Dent's disease
MESH:C538212,1184,36688186,p.(Ser270Arg) was associated with Dent's disease
MESH:C538212,1184,7874126,hCIC-K2 encodes a new member of the family of voltage-gated chloride channels implicated in Dent's disease
MESH:C538212,1184,7874126,hCIC-K2 encodes a protein linked to Dent's disease
MESH:C538212,1184,7874126,hCIC-K2 is a candidate for Dent's disease
MESH:C538212,1184,7874126,hCIC-K2 is a strong candidate for Dent's disease
MESH:C538212,1184,7874126,hCIC-K2 is expressed predominantly in the kidney which is affected by Dent's disease
MESH:C538212,1184,7915957,XLRH discussed with Dent disease
MESH:C538212,1184,7915957,XLRH in relation to Dent disease
MESH:C538212,1184,7915957,XLRH is a new form of Dent disease
MESH:C538212,1184,7915957,XLRH is distantly related to Dent disease
MESH:C538212,1184,7915957,XLRH is mentioned together with Dent disease
MESH:C538212,1184,7915957,XLRH maps at 0% recombination fraction from the DXS1039 locus as Dent disease
MESH:C538212,1184,7915957,XLRH maps in the same chromosomal region as Dent disease
MESH:C538212,1184,8559248,CLCN5 encodes a putative renal chloride channel involved in Dent's disease
MESH:C538212,1184,8559248,CLCN5 has been identified as a candidate gene for Dent's disease
MESH:C538212,1184,8559248,CLCN5 is associated with Dent's disease
MESH:C538212,1184,8559248,CLCN5 may be involved in Dent's disease
MESH:C538212,1184,8559248,CLCN5 may play a role in the common aetiology of Dent's disease
MESH:C538212,1184,8559248,Mutations in CLCN5 lead to Dent's disease
MESH:C538212,1184,8626585,ClC-5 is related to Dent's disease
MESH:C538212,1184,8626585,ClC-5 was almost identical to a partial sequence of human cDNA that is related to Dent's disease
MESH:C538212,1184,8626585,ClC-5 will provide an important insight into ORCCs and the pathogenesis of Dent's disease
MESH:C538212,1184,9187673,CLCN5 is associated with Dent's disease
MESH:C538212,1184,9187673,Mutations in CLCN5 have been reported to be associated with Dent's disease
MESH:C538212,1184,9187673,The CLCN5 gene has been mapped in relation to Dent's disease
MESH:C538212,1184,9259268,G512R contributes to hypercalciuric nephrolithiasis (kidney stones) disorders
MESH:C538212,1184,9259268,G512R is a CLCN5 mutation associated with hypercalciuric nephrolithiasis (kidney stones) disorders
MESH:C538212,1184,9259268,G512R is found in individuals with hypercalciuric nephrolithiasis (kidney stones) disorders
MESH:C538212,1184,9259268,G57V associated with hypercalciuric nephrolithiasis (kidney stones) disorders
MESH:C538212,1184,9259268,G57V identified in families with hypercalciuric nephrolithiasis (kidney stones) disorders
MESH:C538212,1184,9259268,G57V is linked to hypercalciuric nephrolithiasis (kidney stones) disorders
MESH:C538212,1184,9259268,G57V mutation hypercalciuric nephrolithiasis (kidney stones) disorders
MESH:C538212,1184,9259268,R648Stop contributes to hypercalciuric nephrolithiasis (kidney stones) disorders
MESH:C538212,1184,9259268,R648Stop has been associated with hypercalciuric nephrolithiasis (kidney stones) disorders
MESH:C538212,1184,9259268,R648Stop has been identified in the context of hypercalciuric nephrolithiasis (kidney stones) disorders
MESH:C538212,1184,9259268,R648Stop is a mutation linked to hypercalciuric nephrolithiasis (kidney stones) disorders
MESH:C538212,1184,9259268,R648Stop may be particularly prone to causing hypercalciuric nephrolithiasis (kidney stones) disorders
MESH:C538212,1184,9259268,R648Stop serves as an example of a mutation associated with hypercalciuric nephrolithiasis (kidney stones) disorders
MESH:C538212,1184,9259268,R648Stop was identified in an unrelated family with hypercalciuric nephrolithiasis (kidney stones) disorders
MESH:C538212,1184,9328927,CLCN5 causes Dent's disease
MESH:C538212,1184,9328927,CLCN5 gene responsible for Dent's disease
MESH:C538212,1184,9328927,CLCN5 is associated with Dent's disease
MESH:C538212,1184,9328927,CLCN5 is linked to Dent's disease
MESH:C538212,1184,9328927,CLCN5 is responsible for Dent's disease
MESH:C538212,1184,9328927,CLCN5 mutation leads to Dent's disease
MESH:C538212,1184,9328927,CLCN5 related to Dent's disease
MESH:C538212,1184,9328927,CLCN5 responsible for a variant of Dent's disease
MESH:C538212,1184,9328927,CLCN5 variant of Dent's disease
MESH:C538212,1184,9328927,single base insertion at codon 520 caused a shift in the reading frame Dent's disease
MESH:C538212,1184,9328927,single base insertion at codon 520 lacked 220 (29%) and 314 (42%) amino acids Dent's disease
MESH:C538212,1184,9328927,single base insertion at codon 520 lacking 220 (29%) and 314 (42%) amino acids Dent's disease
MESH:C538212,1184,9328927,single base insertion at codon 520 linked to Dent's disease
MESH:C538212,1184,9328927,single base insertion at codon 520 resulted in synthesis of truncated CLC5 proteins Dent's disease
MESH:C538212,1184,9328927,single base insertion at codon 520 resulting in synthesis of truncated CLC5 proteins Dent's disease
MESH:C538212,1184,9328927,the CLCN5 gene causes Dent's disease
MESH:C538212,1184,9328927,the CLCN5 gene responsible for Dent's disease and two related disorders
MESH:C538212,1184,9328927,the mutations in the CLCN5 gene caused Dent's disease
MESH:C538212,1184,9596078,"E118X associated with Dent's disease, X-linked recessive nephrolithiasis, and X-linked recessive hypophosphatemic rickets."
MESH:C538212,1184,9596078,E118X found in patients with Dent's disease
MESH:C538212,1184,9596078,"E118X is a nonsense mutation found in patients with Dent's disease, X-linked recessive nephrolithiasis, and X-linked recessive hypophosphatemic rickets."
MESH:C538212,1184,9596078,R347X is a mutation found in Dent's disease
MESH:C538212,1184,9596078,R347X was a nonsense mutation in a patient with Dent's disease
MESH:C538212,1184,9596078,R347X was associated with Dent's disease
MESH:C538212,1184,9596078,R347X was found in one patient with Dent's disease
MESH:C538212,1184,9596078,W22G found in patients with Dent's disease
MESH:C538212,1184,9596078,W22G is a missense mutation found in patients with LMWP similar to those with Dent's disease
MESH:C538212,1184,9653142,ClC-5 is mutated in Dent's disease
MESH:C538212,1184,9653142,ClC-5 leads to Dent's disease
MESH:C538212,1184,9653142,Loss-of-function mutations of ClC-5 cause Dent's disease
MESH:C538212,1184,9653142,Loss-of-function mutations of the ClC-5 chloride channel lead to Dent's disease
MESH:C538212,1184,9734595,C to T occurred in Dent's disease
MESH:C538212,1184,9734595,C to T predicted substitution of Dent's disease
MESH:C538212,1184,9734595,R34X is a mutation associated with Dent's disease
MESH:C538212,1184,9734595,R34X is associated with Dent's disease
MESH:C538212,1184,9734595,leucine for serine at codon 244 is associated with Dent's disease
MESH:C538212,1184,9853249,L278F is associated with Dent's disease
MESH:C538212,1184,9853249,L278F was found to be associated with Dent's disease
MESH:C538212,1184,9853249,L278F was identified in patients with Dent's disease
MESH:C538212,1184,9853249,R648X is a mutation associated with Dent's disease
MESH:C538212,1184,9853249,R704X has been identified in a patient with Dent's disease
MESH:C538212,1184,9853249,R704X is a CLCN5 mutation associated with Dent's disease
MESH:C538212,1184,9853249,R704X is associated with a variant of Dent's disease
MESH:C538212,1184,9853249,S270R is associated with Dent's disease
MESH:C538212,1184,9853249,S270R was identified in a family with Dent's disease
MESH:C538212,1184,9893114,R704X has been reported in three disorders of hypercalciuric nephrolithiasis
MESH:C538212,1184,9893114,single base deletion at codon 116 has been reported hypercalciuric nephrolithiasis
MESH:C538212,1184,9893114,single base deletion at codon 116 is associated with hypercalciuric nephrolithiasis
MESH:C538212,1184,9893114,single base deletion at codon 116 is linked to hypercalciuric nephrolithiasis
MESH:C538212,1184,9893114,single base insertion at codon 514 has been reported in three disorders of hypercalciuric nephrolithiasis
MESH:C538212,1184,9931332,CLC-5 explains the occurrence of hypercalciuria in Dent's disease
MESH:C538212,1184,9931332,CLC-5 explains the occurrence of low molecular weight proteinuria in Dent's disease
MESH:C538212,1184,9931332,CLC-5 is associated with Dent's disease
MESH:C538212,1184,9931332,CLC-5 is expressed in Dent's disease
MESH:C538212,1184,9931332,CLC-5 leads to Dent's disease
MESH:C538212,1184,9931332,CLC-5 plays a role in renal tubular defects of Dent's disease
MESH:D000081003,51119,14743349,SBDS appears to be responsible for SDS in a majority of patients
MESH:D000081003,51119,14743349,SBDS characterizes Shwachman-Diamond Syndrome
MESH:D000081003,51119,14743349,SBDS is responsible for SDS
MESH:D000081003,51119,15284109,SBDS are present in most patients with Shwachman-Diamond syndrome
MESH:D000081003,51119,15284109,SBDS mutations of are present in the majority of patients with SDS
MESH:D000081003,51119,15284109,SBDS protein was expressed at normal levels in SDS patients without SBDS mutations
MESH:D000081003,51119,15284109,SBDS protein was not detected in leukocytes of SDS patients with the most common SBDS mutations
MESH:D000081003,51119,15342903,+2T--> C associated with Shwachman-Diamond syndrome
MESH:D000081003,51119,15342903,+2T--> C is a mutation in Shwachman-Diamond syndrome
MESH:D000081003,51119,15342903,+2T--> C relates to Shwachman-Diamond syndrome
MESH:D000081003,51119,15342903,+2T--> C was found in Shwachman-Diamond syndrome
MESH:D000081003,51119,15342903,183-184TA-->CT is associated with Shwachman-Diamond syndrome
MESH:D000081003,51119,15342903,183-184TA-->CT linked to Shwachman-Diamond syndrome
MESH:D000081003,51119,15342903,183-184TA-->CT mutation in SBDS gene related to Shwachman-Diamond syndrome
MESH:D000081003,51119,15342903,183-184TA-->CT was found in Shwachman-Diamond syndrome
MESH:D000081003,51119,15342903,K62X causes Shwachman-Diamond syndrome
MESH:D000081003,51119,15342903,K62X found in Shwachman-Diamond syndrome
MESH:D000081003,51119,15342903,K62X is a mutation in the SBDS gene of Shwachman-Diamond syndrome
MESH:D000081003,51119,15342903,K62X is associated with Shwachman-Diamond syndrome
MESH:D000081003,51119,15342903,Mutations in the SBDS gene are a common presentation of Shwachman-Diamond syndrome
MESH:D000081003,51119,15342903,SBDS gene common mutations in Shwachman-Diamond syndrome
MESH:D000081003,51119,15342903,SBDS is related to Shwachman-Diamond syndrome
MESH:D000081003,51119,15342903,SBDS mutations in Shwachman-Diamond syndrome
MESH:D000081003,51119,15342903,The SBDS gene associated with Shwachman-Diamond syndrome
MESH:D000081003,51119,15342903,The SBDS gene causes Shwachman-Diamond syndrome
MESH:D000081003,51119,15342903,The SBDS gene contains mutations in Shwachman-Diamond syndrome
MESH:D000081003,51119,15342903,The SBDS gene related to Shwachman-Diamond syndrome
MESH:D000081003,51119,15342903,The SBDS gene were found to be associated with Shwachman-Diamond syndrome
MESH:D000081003,51119,15342903,The finding of common mutations in the SBDS gene suggests the presence of Shwachman-Diamond syndrome
MESH:D000081003,51119,15342903,Two common mutations in the SBDS gene were found in a patient with Shwachman-Diamond syndrome
MESH:D000081003,51119,15701631,K62X affects individuals with Shwachman-Diamond Syndrome
MESH:D000081003,51119,15701631,K62X does not affect homozygosity for Shwachman-Diamond Syndrome
MESH:D000081003,51119,15701631,K62X impairs function in Shwachman-Diamond Syndrome
MESH:D000081003,51119,15701631,K62X is a truncation mutation related to Shwachman-Diamond Syndrome
MESH:D000081003,51119,15701631,K62X is associated with Shwachman-Diamond Syndrome
MESH:D000081003,51119,15701631,K62X is non-functional in relation to Shwachman-Diamond Syndrome
MESH:D000081003,51119,15776428,SBDS has mutations in Shwachman-Diamond syndrome
MESH:D000081003,51119,15776428,SBDS is believed to be involved in Shwachman-Diamond syndrome
MESH:D000081003,51119,15776428,SBDS is disease-associated with Shwachman-Diamond syndrome
MESH:D000081003,51119,15776428,SBDS was mapped to chromosome 7q11 and Shwachman-Diamond syndrome
MESH:D000081003,51119,15776428,SBDS was reported in Shwachman-Diamond syndrome
MESH:D000081003,51119,15860664,R169C is a missense mutation of Shwachman-Diamond syndrome
MESH:D000081003,51119,15870673,SBDS mutation caused Shwachman-Diamond syndrome
MESH:D000081003,51119,15942154,258+2 T > C is associated with Shwachman-Diamond syndrome
MESH:D000081003,51119,16007594,184TA > CT confers a risk for MDS/AML in Shwachman-Diamond syndrome patients
MESH:D000081003,51119,16007594,184TA > CT is a mutation in the SBDS gene of Shwachman-Diamond syndrome patients
MESH:D000081003,51119,16007594,184TA > CT is associated with Shwachman-Diamond syndrome
MESH:D000081003,51119,16007594,184TA > CT is found in Shwachman-Diamond syndrome patients with AML
MESH:D000081003,51119,16007594,184TA > CT was found in a SDS patient with AML
MESH:D000081003,51119,16007594,184TA > CT was identified in a patient with Shwachman-Diamond syndrome/AML
MESH:D000081003,51119,16007594,258 + 2T > C associated with Shwachman-Diamond syndrome
MESH:D000081003,51119,16007594,258 + 2T > C causes Shwachman-Diamond syndrome
MESH:D000081003,51119,16007594,258 + 2T > C found in SDS patients
MESH:D000081003,51119,16007594,258 + 2T > C is a common mutation in Shwachman-Diamond syndrome
MESH:D000081003,51119,16007594,258 + 2T > C is a mutation in SBDS associated with Shwachman-Diamond syndrome
MESH:D000081003,51119,16007594,258 + 2T > C linked to Shwachman-Diamond syndrome
MESH:D000081003,51119,16007594,258 + 2T > C occurred in Shwachman-Diamond syndrome patients
MESH:D000081003,51119,16007594,258 + 2T > C results in Shwachman-Diamond syndrome
MESH:D000081003,51119,16007594,258 + 2T > C was found in a patient with Shwachman-Diamond syndrome
MESH:D000081003,51119,16007594,258 + 2T > C was found in an SDS patient with SDS/AML
MESH:D000081003,51119,16007594,258 + 2T > C was identified in a SDS patient with AML
MESH:D000081003,51119,16007594,SBDS is associated with Shwachman-Diamond syndrome
MESH:D000081003,51119,16047374,SBDS is associated with Shwachman-Diamond syndrome
MESH:D000081003,51119,16822460,SBDS is associated with Shwachman-Diamond syndrome
MESH:D000081003,51119,16822460,SBDS is involved in Shwachman-Diamond syndrome
MESH:D000081003,51119,16822460,The SBDS gene is associated with Shwachman-Diamond syndrome
MESH:D000081003,51119,17046571,SBDS gene mutations lead to Shwachman-Diamond syndrome
MESH:D000081003,51119,17046571,SBDS is associated with Shwachman-Diamond syndrome
MESH:D000081003,51119,17046571,The SBDS gene is involved in Shwachman-Diamond syndrome
MESH:D000081003,51119,17046571,c.362A > C causes Shwachman-Diamond syndrome
MESH:D000081003,51119,17046571,c.362A > C is associated with Severe Shwachman-Diamond syndrome phenotype
MESH:D000081003,51119,17046571,c.362A > C is associated with Shwachman-Diamond syndrome
MESH:D000081003,51119,17046571,c.362A > C is linked to Shwachman-Diamond syndrome
MESH:D000081003,51119,17046571,c.362A > C results in Shwachman-Diamond syndrome
MESH:D000081003,51119,17046571,c.362A > C was identified in Shwachman-Diamond syndrome
MESH:D000081003,51119,17046571,c.523C > T identified in the patient with Shwachman-Diamond syndrome
MESH:D000081003,51119,17046571,c.523C > T is one of the mutations identified in the patient with Shwachman-Diamond syndrome
MESH:D000081003,51119,17046571,c.523C > T occurs in patients with Shwachman-Diamond syndrome
MESH:D000081003,51119,17046571,p.N121T is identified in patient with Shwachman-Diamond syndrome
MESH:D000081003,51119,17046571,p.R175W causes Shwachman-Diamond syndrome
MESH:D000081003,51119,17046571,p.R175W is associated with Severe Shwachman-Diamond syndrome phenotype
MESH:D000081003,51119,17046571,p.R175W leads to Severe Shwachman-Diamond syndrome
MESH:D000081003,51119,17046571,p.R175W mutant protein contributes to the pathogenesis of Shwachman-Diamond syndrome
MESH:D000081003,51119,17106217,SBDS characterizes Shwachman-Diamond syndrome
MESH:D000081003,51119,17106217,SBDS genetic analysis of Shwachman-Diamond syndrome
MESH:D000081003,51119,17106217,SBDS is associated with Shwachman-Diamond syndrome
MESH:D000081003,51119,17106217,SBDS mutated in Shwachman-Diamond syndrome
MESH:D000081003,51119,17106217,The SBDS gene is involved in Shwachman-Diamond syndrome
MESH:D000081003,51119,17376717,p.Ile87_Gln153del appears to have arisen from Shwachman-Diamond syndrome
MESH:D000081003,51119,17376717,p.Ile87_Gln153del arises from Shwachman-Diamond syndrome
MESH:D000081003,51119,17376717,p.Ile87_Gln153del predictably giving rise to Shwachman-Diamond syndrome
MESH:D000081003,51119,17400792,183TA-->CT causes Shwachman-Diamond syndrome
MESH:D000081003,51119,17400792,183TA-->CT is associated with Shwachman-Diamond syndrome
MESH:D000081003,51119,17400792,183TA-->CT was found in a Japanese girl with Shwachman-Diamond syndrome
MESH:D000081003,51119,17400792,183TA-->CT was found in one case of Shwachman-Diamond syndrome
MESH:D000081003,51119,17400792,258+2T-->C carries Shwachman-Diamond syndrome
MESH:D000081003,51119,17400792,258+2T-->C is a mutation of Shwachman-Diamond syndrome
MESH:D000081003,51119,17400792,258+2T-->C is associated with Shwachman-Diamond syndrome
MESH:D000081003,51119,17400792,258+2T-->C related to Shwachman-Diamond syndrome
MESH:D000081003,51119,17400792,79T-->C associated with Shwachman-Diamond syndrome
MESH:D000081003,51119,17400792,79T-->C causes Shwachman-Diamond syndrome
MESH:D000081003,51119,17400792,79T-->C found in a patient with Shwachman-Diamond syndrome
MESH:D000081003,51119,17454774,SBDS is the gene mutated in Shwachman-Diamond syndrome
MESH:D000081003,51119,17454774,SBDS mutations Shwachman-Diamond syndrome
MESH:D000081003,51119,17475909,SBDS encodes a protein that is linked to Shwachman-Diamond syndrome
MESH:D000081003,51119,17475909,SBDS is associated with Shwachman-Diamond syndrome
MESH:D000081003,51119,17478638,258 + 2 T>C causes Shwachman-Diamond syndrome
MESH:D000081003,51119,17478638,258 + 2 T>C correlated with Shwachman-Diamond syndrome
MESH:D000081003,51119,17478638,258 + 2 T>C mutated in SDS patients
MESH:D000081003,51119,17478638,258 + 2 T>C previously identified in SDS patients
MESH:D000081003,51119,17478638,258 + 2 T>C previously identified in Shwachman-Diamond syndrome patients
MESH:D000081003,51119,17638857,SBDS has mutations in Shwachman-Diamond syndrome
MESH:D000081003,51119,17638857,SBDS is associated with Shwachman-Diamond syndrome
MESH:D000081003,51119,17643419,SBDS is associated with SDS
MESH:D000081003,51119,17920346,SBDS is associated with Shwachman-Diamond syndrome
MESH:D000081003,51119,18190602,SBDS gene Shwachman-Diamond syndrome
MESH:D000081003,51119,18190602,mutation in the SBDS causes Shwachman-Diamond syndrome
MESH:D000081003,51119,18190602,the SBDS gene of Shwachman-Diamond syndrome
MESH:D000081003,51119,18324336,SBDS encoded by Shwachman-Diamond syndrome
MESH:D000081003,51119,18324336,SBDS prevents genomic instability in Shwachman-Diamond syndrome
MESH:D000081003,51119,18324336,SBDS result in Shwachman-Diamond syndrome
MESH:D000081003,51119,18356737,SBDS deficiency leads to Shwachman-Diamond syndrome
MESH:D000081003,51119,18356737,SBDS function is essential for normal pancreas and myeloid development in zebrafish for the prevention of Shwachman-Diamond syndrome
MESH:D000081003,51119,18356737,SBDS gene is mutated in Shwachman-Diamond syndrome
MESH:D000081003,51119,18356737,SBDS is associated with Shwachman-Diamond syndrome
MESH:D000081003,51119,18356737,SBDS linked to Shwachman-Diamond syndrome
MESH:D000081003,51119,18356737,SBDS mutation causes Shwachman-Diamond syndrome
MESH:D000081003,51119,18356737,SBDS plays a crucial role in the prevention of Shwachman-Diamond syndrome
MESH:D000081003,51119,18356737,SBDS protein is defective in Shwachman-Diamond syndrome
MESH:D000081003,51119,18356737,SBDS study the role of Shwachman-Diamond syndrome
MESH:D000081003,51119,18646182,SBDS mutations Shwachman-Diamond syndrome
MESH:D000081003,51119,19014892,Depletion of the SBDS gene product leads to growth inhibition in Shwachman-Diamond syndrome
MESH:D000081003,51119,19014892,Mutations in SBDS cause Shwachman-Diamond syndrome
MESH:D000081003,51119,19014892,SBDS leads to Shwachman-Diamond syndrome
MESH:D000081003,51119,19014892,The function of the SBDS gene product is unclear in relation to Shwachman-Diamond syndrome
MESH:D000081003,51119,19211642,SBDS mutated in Shwachman-Diamond syndrome patients
MESH:D000081003,51119,19211642,SBDS mutations in Shwachman-Diamond syndrome
MESH:D000081003,51119,19438500,SBDS is associated with Shwachman-Diamond Syndrome
MESH:D000081003,51119,19438500,SBDS is the gene for Shwachman-Diamond Syndrome
MESH:D000081003,51119,19602484,SBDS is involved in Shwachman-Diamond syndrome
MESH:D000081003,51119,19602484,SBDS results from Shwachman-Diamond syndrome
MESH:D000081003,51119,19602484,SBDS results from loss-of-function mutations in Shwachman-Diamond syndrome
MESH:D000081003,51119,19683257,SBDS mutations Shwachman-Diamond syndrome
MESH:D000081003,51119,19683257,SBDS mutations associated Shwachman-Diamond syndrome
MESH:D000081003,51119,19683257,SBDS mutations verified Shwachman-Diamond syndrome
MESH:D000081003,51119,20512054,SBDS causes Shwachman-Diamond syndrome
MESH:D000081003,51119,20512054,SBDS is associated with Shwachman-Diamond syndrome
MESH:D000081003,51119,20512054,SBDS mutations in Shwachman-Diamond syndrome
MESH:D000081003,51119,20804090,SBDS causes Shwachman-Diamond syndrome
MESH:D000081003,51119,20979173,SBDS characterizes Shwachman-Diamond syndrome
MESH:D000081003,51119,20979173,SBDS has mutations in Shwachman-Diamond syndrome
MESH:D000081003,51119,20979173,SBDS is associated with Shwachman-Diamond syndrome
MESH:D000081003,51119,20979173,SBDS is deficient in Shwachman-Diamond syndrome
MESH:D000081003,51119,21435510,SBDS has a role in SDS
MESH:D000081003,51119,21435510,SBDS is associated with SDS
MESH:D000081003,51119,21536732,SBDS causes Shwachman-Diamond syndrome
MESH:D000081003,51119,21536732,SBDS is a gene associated with Shwachman-Diamond syndrome
MESH:D000081003,51119,21536732,SBDS is a genetic cause of Shwachman-Diamond syndrome
MESH:D000081003,51119,21536732,SBDS is linked to Shwachman-Diamond syndrome
MESH:D000081003,51119,21536732,SBDS is mutated in Shwachman-Diamond syndrome
MESH:D000081003,51119,21536732,SBDS is mutated in the inherited leukemia predisposition disorder Shwachman-Diamond syndrome
MESH:D000081003,51119,21536732,SBDS is required for Shwachman-Diamond syndrome
MESH:D000081003,51119,21536732,SBDS plays a critical role in Shwachman-Diamond syndrome
MESH:D000081003,51119,21659346,SBDS associated with Shwachman-Diamond syndrome
MESH:D000081003,51119,21659346,SBDS mutated Shwachman-Diamond syndrome
MESH:D000081003,51119,21659346,SBDS mutations were identified in Shwachman-Diamond syndrome
MESH:D000081003,51119,21659346,SBDS was the most commonly mutated gene for Shwachman-Diamond syndrome
MESH:D000081003,51119,21659346,Ten novel mutations in SBDS were identified in patients with Shwachman-Diamond syndrome
MESH:D000081003,51119,21803848,SBDS gene characterizes Shwachman-Diamond syndrome
MESH:D000081003,51119,21803848,SBDS is the gene associated with Shwachman-Diamond syndrome
MESH:D000081003,51119,21803848,SBDS mutates in Shwachman-Diamond syndrome
MESH:D000081003,51119,22271888,SBDS mutation Shwachman-Diamond syndrome
MESH:D000081003,51119,22271888,SBDS mutation Shwachman-Diamond syndrome patients
MESH:D000081003,51119,22271888,SBDS mutation is associated with Shwachman-Diamond syndrome
MESH:D000081003,51119,22271888,SBDS mutation patients with Shwachman-Diamond syndrome
MESH:D000081003,51119,22510201,SBDS leads to features of Shwachman-Diamond syndrome
MESH:D000081003,51119,22510201,SBDS mutates in more than 90% of patients with Shwachman-Diamond syndrome
MESH:D000081003,51119,22510201,SBDS mutates to lead to Shwachman-Diamond syndrome
MESH:D000081003,51119,22510201,Sbds leads to Shwachman-Diamond syndrome
MESH:D000081003,51119,22510201,Sbds mutates in more than 90% of patients with SDS
MESH:D000081003,51119,22997148,SBDS is associated with Shwachman-Diamond syndrome
MESH:D000081003,51119,22997148,SBDS mutations are characteristic of Shwachman-Diamond syndrome
MESH:D000081003,51119,22997148,SBDS mutations lead to Shwachman-Diamond syndrome
MESH:D000081003,51119,22997148,SBDS mutations of Shwachman-Diamond syndrome
MESH:D000081003,51119,23115272,Introduction of a wild-type SBDS cDNA into SDS patient cells corrected the ribosomal association defect in Shwachman-Diamond syndrome
MESH:D000081003,51119,23115272,The SBDS protein facilitates the release of eIF6 in the context of Shwachman-Diamond syndrome
MESH:D000081003,51119,23115272,The SBDS protein results in low levels of SBDS protein in SDS patients
MESH:D000081003,51119,23792098,SBDS is affected in most cases of SDS
MESH:D000081003,51119,23792098,SBDS is affected in most cases of Shwachman Diamond syndrome
MESH:D000081003,51119,23792098,SBDS is associated with Shwachman Diamond syndrome
MESH:D000081003,51119,23831625,SBDS is the protein mutated in the Shwachman-Diamond syndrome
MESH:D000081003,51119,23831625,SBDS mutated in Shwachman-Diamond syndrome
MESH:D000081003,51119,24629175,SBDS causes Shwachman-Diamond syndrome
MESH:D000081003,51119,24629175,SBDS characterized by Shwachman-Diamond syndrome
MESH:D000081003,51119,24629175,SBDS mutation Shwachman-Diamond syndrome
MESH:D000081003,51119,24898207,An SV in the SBDS locus contributes to the pathogenesis of SDS
MESH:D000081003,51119,24898207,Compound heterozygous mutations in SBDS are mainly responsible for SDS
MESH:D000081003,51119,24898207,Genomic rearrangements in the SBDS locus implicate in the pathogenesis of some cases of SDS
MESH:D000081003,51119,24898207,SBDS causes Shwachman-Diamond syndrome (SDS)
MESH:D000081003,51119,24898207,SBDS is associated with SDS
MESH:D000081003,51119,24898207,Structural variation involving the SBDS locus has been rarely reported in association with SDS
MESH:D000081003,51119,24898207,c.98A > C causes SDS
MESH:D000081003,51119,24898207,c.98A > C contributes to SDS
MESH:D000081003,51119,24898207,c.98A > C is a cause of SDS
MESH:D000081003,51119,24898207,c.98A > C is a mutation linked to SDS
MESH:D000081003,51119,24898207,c.98A > C is associated with SDS
MESH:D000081003,51119,24898207,p.K33T segregated in accordance with Mendelian expectations for autosomal recessive SDS
MESH:D000081003,51119,25870433,The SBDS gene is causative of the pathology of Shwachman-Diamond syndrome
MESH:D000081003,51119,25870433,The SBDS-deficient cells sensitises cells to many stressors in Shwachman-Diamond syndrome
MESH:D000081003,51119,25870433,The Shwachman-Bodian-Diamond syndrome (SBDS) gene is causative of the pathology of Shwachman-Diamond syndrome
MESH:D000081003,51119,25870433,The Shwachman-Bodian-Diamond syndrome (SBDS) gene is involved in ribosomal biogenesis in Shwachman-Diamond syndrome
MESH:D000081003,51119,25870433,The lack of SBDS leads to mitotic spindle destabilisation in Shwachman-Diamond syndrome
MESH:D000081003,51119,25991726,SBDS acts as a guanine nucleotide exchange factor (GEF) for EFL1 in the context of the Shwachman-Diamond syndrome
MESH:D000081003,51119,25991726,SBDS is associated with Shwachman-Diamond syndrome
MESH:D000081003,51119,25991726,SBDS is mutated in Shwachman-Diamond syndrome
MESH:D000081003,51119,25991726,SBDS is the protein mutated in the Shwachman-Diamond syndrome
MESH:D000081003,51119,26185170,Sbds deficiency neutropenia in Shwachman-Diamond syndrome
MESH:D000081003,51119,26185170,Sbds is associated with Shwachman-Diamond syndrome
MESH:D000081003,51119,26185170,Sbds loss-of-function mutations Shwachman-Diamond syndrome
MESH:D000081003,51119,26479198,SBDS protein is deficient in leukemia-predisposition disorder Shwachman-Diamond syndrome
MESH:D000081003,51119,26743985,SBDS is associated with Shwachman-Diamond syndrome
MESH:D000081003,51119,26866830,c.258+2T>C results in Shwachman-Diamond syndrome
MESH:D000081003,51119,26866830,c.41A>G causes Shwachman-Diamond syndrome
MESH:D000081003,51119,26866830,c.41A>G is a mutation associated with Shwachman-Diamond syndrome
MESH:D000081003,51119,26866830,c.41A>G is a mutation in Shwachman-Diamond syndrome
MESH:D000081003,51119,26866830,c.41A>G is a novel missense variant in Shwachman-Diamond syndrome
MESH:D000081003,51119,26866830,p.Asn14Ser is associated with Shwachman-Diamond syndrome
MESH:D000081003,51119,26866830,p.Asn14Ser is in Shwachman-Diamond syndrome
MESH:D000081003,51119,27127007,c.258 + 2T>C causes Shwachman-Diamond syndrome
MESH:D000081003,51119,27127007,c.258 + 2T>C is associated with Shwachman-Diamond syndrome
MESH:D000081003,51119,27805607,SBDS is associated with Shwachman-Diamond Syndrome
MESH:D000081003,51119,27805607,SBDS possesses a mutated form associated with Shwachman-Diamond Syndrome
MESH:D000081003,51119,28942353,SBDS is involved in ribosomopathy Shwachman-Diamond syndrome
MESH:D000081003,51119,28972538,SBDS gene mutation Shwachman-Diamond syndrome
MESH:D000081003,51119,28972538,SBDS is associated with Shwachman-Diamond syndrome
MESH:D000081003,51119,28972538,SBDS leads to Shwachman-Diamond syndrome
MESH:D000081003,51119,28972538,SBDS mutation Shwachman-Diamond syndrome
MESH:D000081003,51119,29285795,SBDS deficiency has been associated with Shwachman-Diamond syndrome
MESH:D000081003,51119,29285795,SBDS function still remains to be fully established for Shwachman-Diamond syndrome
MESH:D000081003,51119,29444436,SBDS associated with SDS
MESH:D000081003,51119,29444436,SBDS is proposed to be a major causative reason for SDS
MESH:D000081003,51119,29444436,SBDS mutation SDS
MESH:D000081003,51119,29444436,SBDS mutation of leads to SDS
MESH:D000081003,51119,29444436,SBDS patients have SDS
MESH:D000081003,51119,30198570,SBDS carry Shwachman-Diamond Syndrome
MESH:D000081003,51119,30198570,SBDS mutations Shwachman-Diamond Syndrome
MESH:D000081003,51119,30308536,SBDS associated with Shwachman-Diamond syndrome
MESH:D000081003,51119,30308536,SBDS causes Shwachman-Diamond syndrome
MESH:D000081003,51119,30308536,SBDS found in Shwachman-Diamond syndrome
MESH:D000081003,51119,30308536,SBDS mutation Shwachman-Diamond syndrome
MESH:D000081003,51119,30308536,SBDS related to Shwachman-Diamond syndrome
MESH:D000081003,51119,30308536,c.258 + 2T > C is associated with Shwachman-Diamond syndrome
MESH:D000081003,51119,30308536,c.258 + 2T > C was found in patients with Shwachman-Diamond syndrome
MESH:D000081003,51119,30308536,c.428C > T causes Shwachman-Diamond syndrome
MESH:D000081003,51119,30308536,c.428C > T is associated with Shwachman-Diamond syndrome
MESH:D000081003,51119,30308536,c.428C > T results in Shwachman-Diamond syndrome
MESH:D000081003,51119,30413969,SBDS causes Shwachman-Diamond Syndrome
MESH:D000081003,51119,30413969,SBDS involved in Shwachman-Diamond Syndrome
MESH:D000081003,51119,30413969,SBDS is associated with Shwachman-Diamond Syndrome
MESH:D000081003,51119,30413969,SBDS mutated in Shwachman-Diamond Syndrome
MESH:D000081003,51119,30413969,SBDS related to Shwachman-Diamond Syndrome
MESH:D000081003,51119,30780079,SBDS is associated with Shwachman-Diamond syndrome
MESH:D000081003,51119,30780079,SBDS is the human Shwachman-Diamond syndrome protein
MESH:D000081003,51119,31838967,SBDS implicated in Shwachman-Diamond Syndrome
MESH:D000081003,51119,31838967,SBDS mutates in Shwachman-Diamond Syndrome
MESH:D000081003,51119,32037152,SBDS analysis Shwachman-Diamond syndrome
MESH:D000081003,51119,32037152,SBDS gene Shwachman-Diamond syndrome
MESH:D000081003,51119,32037152,SBDS mutation Shwachman-Diamond syndrome
MESH:D000081003,51119,32037152,mutation on the SBDS is associated with Shwachman-Diamond syndrome
MESH:D000081003,51119,32037152,mutational analysis on the SBDS confirmed Shwachman-Diamond syndrome
MESH:D000081003,51119,32412173,184TA>CT is associated with Shwachman-Diamond syndrome
MESH:D000081003,51119,32412173,201A>G causes Shwachman-Diamond syndrome
MESH:D000081003,51119,32412173,258+2T>C causes Shwachman-Diamond syndrome
MESH:D000081003,51119,32412173,258+2T>C is associated with Shwachman-Diamond syndrome
MESH:D000081003,51119,32412173,258+2T>C is found in patients with Shwachman-Diamond syndrome
MESH:D000081003,51119,32412173,SBDS causes Shwachman-Diamond syndrome
MESH:D000081003,51119,32434641,SBDS detected in Shwachman-Diamond syndrome
MESH:D000081003,51119,32434641,SBDS gene mutations of Shwachman-Diamond syndrome
MESH:D000081003,51119,32434641,SBDS has mutations in Shwachman-Diamond syndrome
MESH:D000081003,51119,32434641,SBDS is associated with Shwachman-Diamond syndrome
MESH:D000081003,51119,32434641,SBDS is associated with malignant myeloid transformation in Shwachman-Diamond syndrome
MESH:D000081003,51119,32434641,SBDS malignant myeloid transformation Shwachman-Diamond syndrome
MESH:D000081003,51119,32434641,c.184A>T associated with Shwachman-Diamond syndrome
MESH:D000081003,51119,32434641,c.184A>T found in children with Shwachman-Diamond syndrome
MESH:D000081003,51119,32434641,c.184A>T is a mutation associated with Shwachman-Diamond syndrome
MESH:D000081003,51119,32434641,c.184A>T resulted in Shwachman-Diamond syndrome in some children
MESH:D000081003,51119,32434641,c.184A>T was found in children with Shwachman-Diamond syndrome
MESH:D000081003,51119,32434641,c.634_635insAACATACCTGT is associated with Shwachman-Diamond syndrome
MESH:D000081003,51119,32434641,c.634_635insAACATACCTGT was detected in all 11 children with Shwachman-Diamond syndrome
MESH:D000081003,51119,32434641,c.634_635insAACATACCTGT was found in children with Shwachman-Diamond syndrome
MESH:D000081003,51119,32434641,c.637_638delGA is a new mutation of the SBDS gene associated with Shwachman-Diamond syndrome
MESH:D000081003,51119,32434641,c.637_638delGA is rated as possibly not pathogenic in the context of Shwachman-Diamond syndrome
MESH:D000081003,51119,32434641,c.637_638delGA was associated with Shwachman-Diamond syndrome
MESH:D000081003,51119,32434641,c.8T>C is associated with Shwachman-Diamond syndrome
MESH:D000081003,51119,32944219,SBDS is associated with Shwachman-Diamond syndrome
MESH:D000081003,51119,32944219,SBDS mutated in the majority of patients with Shwachman-Diamond syndrome
MESH:D000081003,51119,32944219,SBDS mutation leads to Shwachman-Diamond syndrome
MESH:D000081003,51119,33115644,SBDS dysfunction children with neurodevelopmental disorders in Shwachman-Diamond syndrome
MESH:D000081003,51119,33115644,SBDS loss-of-function mutations in Shwachman-Diamond syndrome
MESH:D000081003,51119,33607811,258 +2T>C associated with Shwachman-Diamond syndrome
MESH:D000081003,51119,33607811,258 +2T>C causes the manifestation of Shwachman-Diamond syndrome in a patient
MESH:D000081003,51119,33607811,258 +2T>C is a genetic abnormality found in Shwachman-Diamond syndrome
MESH:D000081003,51119,33607811,258 +2T>C was detected in a patient with Shwachman-Diamond syndrome
MESH:D000081003,51119,33607811,258 +2T>C was identified as a novel mutation in Shwachman-Diamond syndrome
MESH:D000081003,51119,33607811,c.184a>T contributes to Shwachman-Diamond syndrome
MESH:D000081003,51119,33607811,c.184a>T is a mutation found in Shwachman-Diamond syndrome
MESH:D000081003,51119,33607811,c.184a>T is associated with Shwachman-Diamond syndrome
MESH:D000081003,51119,33607811,c.184a>T is linked to Shwachman-Diamond syndrome
MESH:D000081003,51119,33607811,c.184a>T was detected in Shwachman-Diamond syndrome
MESH:D000081003,51119,33607811,c.184a>T was detected in patients with Shwachman-Diamond syndrome
MESH:D000081003,51119,33619711,Patients with mutations in the SBDS gene had Shwachman-Diamond syndrome
MESH:D000081003,51119,33619711,SBDS is associated with Shwachman-Diamond syndrome
MESH:D000081003,51119,33619711,The SBDS gene mutations in Shwachman-Diamond syndrome
MESH:D000081003,51119,34115847,SBDS gene associated with Shwachman-Diamond syndrome
MESH:D000081003,51119,34115847,SBDS mutated Shwachman-Diamond syndrome
MESH:D000081003,51119,34115847,SBDS variants in cause Shwachman-Diamond syndrome
MESH:D000081003,51119,34413298,SBDS mutations Shwachman-Diamond syndrome
MESH:D000081003,51119,34413298,SBDS or EFL1 genes in SDS cause Shwachman-Diamond syndrome
MESH:D000081003,51119,34625796,SBDS deficiency is a cause of Shwachman-Diamond syndrome
MESH:D000081003,51119,34625796,SBDS is associated with Shwachman-Diamond syndrome
MESH:D000081003,51119,34625796,SBDS mutations in cause Shwachman-Diamond syndrome
MESH:D000081003,51119,34704233,I167M contributes to the development of Shwachman-Diamond syndrome
MESH:D000081003,51119,34704233,I167M is a mutation associated with Shwachman-Diamond syndrome
MESH:D000081003,51119,34704233,I167M is a mutation in Shwachman-Bodian-Diamond Syndrome (SBDS) gene associated with Shwachman-Diamond syndrome
MESH:D000081003,51119,34704233,I167M is a mutation in Shwachman-Diamond syndrome
MESH:D000081003,51119,34704233,I167M is one of the most common pathogenic mutations in Shwachman-Diamond syndrome
MESH:D000081003,51119,34704233,I167M is unclear in significance related to Shwachman-Diamond syndrome
MESH:D000081003,51119,34704233,I167M was unclear in relation to Shwachman-Diamond syndrome
MESH:D000081003,51119,34704233,SBDS is associated with Shwachman-Diamond syndrome
MESH:D000081003,51119,34704233,SBDS mutations contribute to the development of Shwachman-Diamond syndrome
MESH:D000081003,51119,34704233,p.K62X causes Shwachman-Diamond syndrome
MESH:D000081003,51119,34704233,p.K62X contributes to Shwachman-Diamond syndrome
MESH:D000081003,51119,34704233,p.K62X contributes to the development of Shwachman-Diamond syndrome
MESH:D000081003,51119,34704233,p.K62X is associated with Shwachman-Diamond syndrome
MESH:D000081003,51119,34758064,SBDS c.258 + 2T>C Shwachman-Diamond syndrome variant
MESH:D000081003,51119,34758064,SBDS is associated with Shwachman-Diamond syndrome
MESH:D000081003,51119,34758064,SBDS mutation Shwachman-Diamond syndrome
MESH:D000081003,51119,34758064,SBDS mutations Shwachman-Diamond syndrome
MESH:D000081003,51119,34758064,SBDS variant Shwachman-Diamond syndrome
MESH:D000081003,51119,34758064,c.258 + 2T>C characterized by Shwachman-Diamond syndrome
MESH:D000081003,51119,34758064,c.258 + 2T>C is a variant of the SBDS gene associated with Shwachman-Diamond syndrome
MESH:D000081003,51119,34758064,c.258 + 2T>C is associated with Shwachman-Diamond syndrome
MESH:D000081003,51119,34758064,c.258 + 2T>C variant of the Shwachman-Diamond syndrome gene
MESH:D000081003,51119,34758064,c.258 + 2T>C was present in all but 1 patient with Shwachman-Diamond syndrome
MESH:D000081003,51119,34819134,SBDS causes Shwachman-Diamond syndrome
MESH:D000081003,51119,34925993,SBDS mutation in Shwachman-Diamond syndrome
MESH:D000081003,51119,34925993,SBDS revealed a mutation in Shwachman-Diamond syndrome
MESH:D000081003,51119,34948128,SBDS is involved in Shwachman-Diamond Syndrome
MESH:D000081003,51119,34948128,The SBDS gene is responsible for Shwachman-Diamond Syndrome
MESH:D000081003,51119,35264508,SBDS gene Shwachman-Diamond syndrome
MESH:D000081003,51119,35264508,SBDS gene abnormalities Shwachman-Diamond syndrome
MESH:D000081003,51119,35264508,Shwachman-Bodian-Diamond syndrome (SBDS) gene abnormalities Shwachman-Diamond syndrome
MESH:D000081003,51119,35264508,c.258+2T>C causes Shwachman-Diamond syndrome
MESH:D000081003,51119,35264508,c.258+2T>C is a SBDS gene abnormality associated with Shwachman-Diamond syndrome
MESH:D000081003,51119,35264508,c.258+2T>C leads to Shwachman-Diamond syndrome
MESH:D000081003,51119,35322020,SBDS is mutated in leukemia predisposition disorder Shwachman-Diamond syndrome
MESH:D000081003,51119,35322020,SBDS license entry of nascent 60S ribosomal subunits into active translation by evicting leukemia predisposition disorder Shwachman-Diamond syndrome
MESH:D000081003,51119,35322185,SBDS accounts for Shwachman Diamond Syndrome
MESH:D000081003,51119,35322185,SBDS biallelic pathogenic variants in Shwachman Diamond Syndrome
MESH:D000081003,51119,35322185,SBDS is associated with Shwachman Diamond Syndrome
MESH:D000081003,51119,35322185,SBDS pathogenic variants Shwachman Diamond Syndrome
MESH:D000081003,51119,35322185,c.258 + 2T > C accounts for the most common genotype in Shwachman Diamond Syndrome
MESH:D000081003,51119,35322185,c.258 + 2T > C causes Shwachman Diamond Syndrome
MESH:D000081003,51119,35322185,c.258 + 2T > C contributes to Shwachman Diamond Syndrome
MESH:D000081003,51119,35322185,c.258 + 2T > C is a genotype of Shwachman Diamond Syndrome
MESH:D000081003,51119,35322185,c.258 + 2T > C is a pathogenic variant in Shwachman Diamond Syndrome
MESH:D000081003,51119,35322185,c.258 + 2T > C is associated with Shwachman Diamond Syndrome
MESH:D000081003,51119,35322185,c.258 + 2T > C is found in Shwachman Diamond Syndrome
MESH:D000081003,51119,35322185,c.258 + 2T > C is linked to Shwachman Diamond Syndrome
MESH:D000081003,51119,35322185,c.258 + 2T > C is present in patients with Shwachman Diamond Syndrome
MESH:D000081003,51119,35453634,K62X causes Shwachman-Diamond Syndrome
MESH:D000081003,51119,35453634,K62X is associated with Shwachman-Diamond Syndrome
MESH:D000081003,51119,35453634,K62X is the most common nonsense mutation in Shwachman-Diamond Syndrome
MESH:D000081003,51119,35453634,SBDS causes Shwachman-Diamond Syndrome
MESH:D000081003,51119,35453634,SBDS is associated with Shwachman-Diamond Syndrome
MESH:D000081003,51119,35453634,SBDS mutation leads to Shwachman-Diamond Syndrome
MESH:D000081003,51119,35453634,SBDS protein deficiency results in Shwachman-Diamond Syndrome
MESH:D000081003,51119,35453634,c.183-184TA>CT is associated with Shwachman-Diamond Syndrome
MESH:D000081003,51119,35887285,I212T is involved in the pathogenesis of Shwachman-Diamond Syndrome
MESH:D000081003,51119,35887285,R126T is associated with Shwachman-Diamond Syndrome
MESH:D000081003,51119,35893049,SBDS has been found in about 90% of patients with Shwachman-Diamond Syndrome
MESH:D000081003,51119,35893049,SBDS is associated with Shwachman-Diamond Syndrome
MESH:D000081003,51119,35893049,SBDS is responsible for Shwachman-Diamond Syndrome
MESH:D000081003,51119,35893049,SBDS mutations are found in patients with Shwachman-Diamond Syndrome
MESH:D000081003,51119,35893049,SBDS mutations characterize Shwachman-Diamond Syndrome
MESH:D000081003,51119,36009035,Mutations in SBDS cause Shwachman-Diamond Syndrome
MESH:D000081003,51119,36009035,SBDS and its effector Shwachman-Diamond Syndrome
MESH:D000081003,51119,36009035,SBDS protein Shwachman-Diamond Syndrome
MESH:D000081003,51119,36009035,SBDS resulting mutations Shwachman-Diamond Syndrome
MESH:D000081003,51119,36035165,SBDS is associated with Shwachman-Diamond syndrome
MESH:D000081003,51119,36035165,SBDS pathogenic variants in result in Shwachman-Diamond syndrome
MESH:D000081003,51119,36162759,SBDS carries mutations in Shwachman-Diamond syndrome
MESH:D000081003,51119,36162759,SBDS is a variant of Shwachman-Diamond syndrome
MESH:D000081003,51119,36162759,SBDS is associated with Shwachman-Diamond syndrome
MESH:D000081003,51119,36162759,SBDS is most commonly associated with Shwachman-Diamond syndrome
MESH:D000081003,51119,36162759,SBDS linked to Shwachman-Diamond syndrome
MESH:D000081003,51119,36162759,SBDS mutated in Shwachman-Diamond syndrome
MESH:D000081003,51119,36162759,SBDS mutations contribute to Shwachman-Diamond syndrome
MESH:D000081003,51119,36162759,c.183_184delinsCT contributes to Shwachman-Diamond syndrome
MESH:D000081003,51119,36162759,c.183_184delinsCT has been identified in 90% of patients with Shwachman-Diamond syndrome
MESH:D000081003,51119,36162759,c.183_184delinsCT is associated with Shwachman-Diamond syndrome
MESH:D000081003,51119,36162759,c.183_184delinsCT is the second most common variant of Shwachman-Diamond syndrome
MESH:D000081003,51119,36162759,c.258+2T>C contributes to Shwachman-Diamond syndrome
MESH:D000081003,51119,36162759,c.258+2T>C is a mutation found in Shwachman-Diamond syndrome
MESH:D000081003,51119,36162759,c.258+2T>C is associated with Shwachman-Diamond syndrome
MESH:D000081003,51119,36162759,c.258+2T>C is one of the most common variants of Shwachman-Diamond syndrome
MESH:D000081003,51119,36577524,SBDS gene Shwachman-Diamond syndrome
